/*
 Navicat Premium Data Transfer

 Source Server         : 本地
 Source Server Type    : MySQL
 Source Server Version : 80021
 Source Host           : localhost
 Source Database       : logistics

 Target Server Type    : MySQL
 Target Server Version : 80021
 File Encoding         : utf-8

 Date: 11/25/2020 16:32:20 PM
*/

SET NAMES utf8;
SET FOREIGN_KEY_CHECKS = 0;

-- ----------------------------
--  Table structure for `sys_company`
-- ----------------------------
DROP TABLE IF EXISTS `sys_company`;
CREATE TABLE `sys_company` (
  `record_id` int NOT NULL AUTO_INCREMENT COMMENT 'id',
  `company_id` bigint NOT NULL COMMENT '企业id',
  `company_name` varchar(50) NOT NULL COMMENT '企业名称',
  `company_logo` varchar(100) DEFAULT NULL COMMENT '企业logo',
  `company_notice` varchar(240) DEFAULT NULL COMMENT '企业公告',
  `default_card_id` int DEFAULT NULL COMMENT '企业默认名片',
  `macid` varchar(50) NOT NULL DEFAULT '' COMMENT '商户号',
  `user_id` int DEFAULT NULL COMMENT '企业归属人',
  `industry_id` int DEFAULT NULL COMMENT '行业id',
  `phone` varchar(20) DEFAULT NULL COMMENT '企业电话',
  `recruit_phone` varchar(20) DEFAULT NULL COMMENT '招聘电话',
  `company_address` varchar(255) DEFAULT NULL COMMENT '企业地址',
  `company_lng` varchar(50) NOT NULL DEFAULT '' COMMENT '地址坐标经度',
  `company_lat` varchar(50) NOT NULL DEFAULT '' COMMENT '地址坐标纬度',
  `audit_state` int DEFAULT '0' COMMENT '加入企业审核状态0带审核，1审核通过，2拒绝',
  `audit_remark` varchar(200) DEFAULT NULL COMMENT '审核描述',
  `cert_status` int DEFAULT '0' COMMENT '0未认证，1认证企业',
  `source_url` varchar(200) DEFAULT NULL COMMENT '源码url',
  `company_key` varchar(50) DEFAULT NULL COMMENT '访问key',
  `company_type` int DEFAULT '1' COMMENT '1、服务（如果为服务则使用默认小程序账号），2、源码',
  `company_state` int DEFAULT '1' COMMENT '1正常，2禁用',
  `create_time` timestamp NOT NULL DEFAULT CURRENT_TIMESTAMP COMMENT '创建时间',
  `is_agent` int DEFAULT '0' COMMENT '1代理商',
  `is_del` int DEFAULT '0' COMMENT '1删除',
  `agent_money` decimal(10,2) DEFAULT '0.00' COMMENT '代理金额',
  `password` varchar(255) DEFAULT '112321' COMMENT '公司口令（用于创建名片时判断）',
  `edition_code` varchar(50) NOT NULL DEFAULT 'free_edition' COMMENT '套餐版本编码',
  `edition_name` varchar(50) DEFAULT NULL COMMENT '套餐名称',
  `deadline` varchar(20) NOT NULL DEFAULT '0' COMMENT '套餐到期时间',
  `agent_company_id` int DEFAULT '0' COMMENT '企业归属代理商公司id',
  PRIMARY KEY (`record_id`),
  KEY `company_index` (`company_id`)
) ENGINE=InnoDB AUTO_INCREMENT=125 DEFAULT CHARSET=utf8mb4 COLLATE=utf8mb4_0900_ai_ci ROW_FORMAT=DYNAMIC COMMENT='企业表';

-- ----------------------------
--  Records of `sys_company`
-- ----------------------------
BEGIN;
INSERT INTO `sys_company` VALUES ('1', '1', '上海六月二十一号有限公司', 'https://download.daynine.top/HFbIQSHXck/company-logo/679020dff5cd76a7d62b209f719ab77b.png', '这是一家科技公司。', '10029', 'HFbIQSHXck', '875603231', null, '13800000000', '122222', '上海市上海市浦东新区康桥路1259弄1-9号', '121.57675', '31.148535', '0', null, '0', null, null, '1', '1', '2020-02-20 17:42:12', '0', '0', '0.00', '4clJkB', 'free_edition', null, '0', '0'), ('3', '3', '甜甜小卖部', 'https://download.daynine.top/93812806/cardPhoto/1589374663271/2a42ef80f9270b2ca5ab6bd51e28fa58.png', null, null, 'xPqkNhtlYo', '93812806', null, null, null, '上海市浦东新区世纪大道2001号', '121.54479', '31.22205', '0', null, '0', null, null, '1', '1', '2020-05-10 22:12:53', '0', '0', '0.00', 'QD9NvF', 'free_edition', null, '0', '0'), ('5', '5', '南一科技', null, null, '10063', 'QbRNmR98g3', null, null, null, null, '浙江省杭州市拱墅区', '', '', '0', null, '0', null, null, '1', '1', '2020-05-18 15:50:44', '0', '0', '0.00', 'aJyybo', 'standard_sub_1', null, '2021-05-19 11:57:19', '0'), ('7', '7', '上海春天无限有限公司', 'https://download.daynine.top/483638367/cardPhoto/1589878585263/fd99d54df16353d15eaacc3e7c30d233.jpg', null, '10046', '8niSPiUMUW', null, null, null, null, '上海市上海市浦东新区', '', '', '0', null, '0', null, null, '1', '1', '2020-05-19 16:51:33', '0', '0', '0.00', 'pS3GQk', 'free_edition', null, '0', '0'), ('8', '8', '南一电台', 'https://download.daynine.top/042817722/cardPhoto/1589881661030/60c78ddcc37cbc4ddd2090fb55474640.jpg', null, '10064', 'mKPuWDNnGx', '42817722', null, null, null, '浙江省杭州市拱墅区祥茂路', '120.11437296688283', '30.331881076527353', '0', null, '0', null, null, '1', '1', '2020-05-19 17:21:55', '0', '0', '0.00', 'DQpCCx', 'group_sub_1', null, '2021-05-19 18:18:38', '0'), ('9', '9', '可乐的公司', null, null, '10065', 'FOGHshBXhy', '744337814', null, null, null, '北京市北京市东城区', '', '', '0', null, '0', null, null, '1', '1', '2020-05-19 20:17:04', '0', '0', '0.00', 'O5y2IX', 'free_edition', null, '0', '0'), ('12', '12', '北京天毅', null, null, '10048', 'Hx06hdP2df', '181852859', null, null, null, '北京市北京市东城区', '', '', '0', null, '0', null, null, '1', '1', '2020-05-22 16:26:37', '0', '0', '0.00', 'MHKIO5', 'free_edition', null, '0', '0'), ('13', '13', '网易', 'https://download.daynine.top/144264683/cardPhoto/1590218671600/87fa340c561373c05aff18d6cc07847b.jpg', '网易集团', '10071', 'NWNZNCRoBB', '144264683', null, null, null, '北京市北京市东城区', '', '', '0', null, '0', null, null, '1', '1', '2020-05-23 14:33:14', '0', '0', '0.00', 'hHh7lf', 'free_edition', null, '0', '0'), ('14', '14', '公司AA', null, null, '10072', 'Lk7b99QVtl', '456982073', null, null, null, '内蒙古自治区呼和浩特市托克托县', '', '', '0', null, '0', null, null, '1', '1', '2020-05-23 14:36:37', '0', '0', '0.00', 'TPaSyY', 'free_edition', null, '0', '0'), ('15', '15', '上海天一教育科技有限公司', 'https://download.daynine.top/907190976/cardPhoto/1590417346204/88fcb789f0880aa62e8ca4e91765a633.jpg', null, '10049', '9A2Kd2pGxw', '907190976', null, null, null, '上海市浦东新区祖冲之路1239弄', '121.60368347167973', '31.20702171325686', '0', null, '0', null, null, '1', '1', '2020-05-23 17:36:59', '0', '0', '0.00', 'WqNN5O', 'free_edition', null, '0', '0'), ('16', '16', '网易集团', 'https://download.daynine.top/144264683/cardPhoto/1590545583248/60c9629edef869cba95db5215612b2a5.jpg', null, '10075', 'RqWLdkayy0', '144264683', null, null, null, '浙江省杭州市滨江区', '', '', '0', null, '0', null, null, '1', '1', '2020-05-26 16:32:36', '0', '0', '0.00', 'DhOB4I', 'group_sub_1', null, '2021-05-23 15:46:22', '0'), ('17', '17', '阿里巴巴', 'https://download.daynine.top/214787143/cardPhoto/1590766557035/cecb8d8c763a200bacc3a9062394c42b.jpg', null, '10070', 'MVBeIbbrd8', '214787143', null, null, null, '北京市北京市东城区', '', '', '0', null, '0', null, null, '1', '1', '2020-05-26 19:26:00', '0', '0', '0.00', '9G2kFG', 'free_edition', null, '0', '0'), ('18', '18', '天九', null, null, '10073', 'R07yk6fvNH', '471622902', null, null, null, '北京市北京市东城区', '', '', '0', null, '0', null, null, '1', '1', '2020-05-27 17:43:41', '0', '0', '0.00', 'p3EZiT', 'free_edition', null, '0', '0'), ('19', '19', '上海前茅酒有限公司', null, null, '10076', 'WlmDIusk4Z', '907190976', null, null, null, '上海市上海市浦东新区', '', '', '0', null, '0', null, null, '1', '1', '2020-05-30 12:52:07', '0', '0', '0.00', 'OGpiR0', 'free_edition', null, '0', '0'), ('20', '20', '网易集团', null, null, '10077', 'E9nkFUFBpb', '353913445', null, null, null, '浙江省杭州市滨江区', '', '', '0', null, '0', null, null, '1', '1', '2020-05-30 16:35:53', '0', '0', '0.00', '0fTHR4', 'free_edition', null, '0', '0'), ('21', '21', '上海秋天天气公司', null, null, '10082', 'NwwesCUsv3', '465551918', null, null, null, '上海市上海市浦东新区', '', '', '0', null, '0', null, null, '1', '1', '2020-05-31 14:56:43', '0', '1', '0.00', 'rVYy82', 'free_edition', null, '0', '0'), ('23', '23', '阿里健康', 'https://download.daynine.top/vkwec7vTO2/company-logo/994363e38d5bf426d6647023c977bb76.jpg', null, '10080', 'vkwec7vTO2', '421533399', null, null, null, '北京市北京市东城区', '', '', '0', null, '0', null, null, '1', '1', '2020-06-04 01:16:07', '0', '1', '0.00', 'olcAg0', 'free_edition', null, '0', '0'), ('24', '24', '军训第一', null, null, '10088', 'WF2TWGMBnv', '421533399', null, null, null, '北京市北京市东城区', '', '', '0', null, '0', null, null, '1', '1', '2020-06-04 12:42:19', '0', '1', '0.00', 'eifTua', 'free_edition', null, '0', '0'), ('25', '25', '来咯哦', null, null, '10090', 'CnkDwqF1Zl', '421533399', null, null, null, '北京市北京市东城区', '', '', '0', null, '0', null, null, '1', '1', '2020-06-05 19:36:56', '0', '1', '0.00', 'RG8ETF', 'free_edition', null, '0', '0'), ('26', '26', '咯谢谢', null, null, '10091', 'oV1qSB6MZ7', '421533399', null, null, null, '北京市北京市东城区', '', '', '0', null, '0', null, null, '1', '1', '2020-06-05 19:39:00', '0', '1', '0.00', 'CBJY1w', 'free_edition', null, '0', '0'), ('27', '27', '123', null, null, '10092', 'nYgeoOLGvH', '51527087', null, null, null, '山西省太原市小店区', '', '', '0', null, '0', null, null, '1', '1', '2020-06-05 20:28:50', '0', '0', '0.00', 'gdbeG7', 'free_edition', null, '0', '0'), ('28', '28', '网易集团', null, null, '10093', '9ygf4l6o7U', '145147853', null, null, null, '浙江省杭州市滨江区', '', '', '0', null, '0', null, null, '1', '1', '2020-06-05 21:12:14', '0', '0', '0.00', 'WinFWN', 'free_edition', null, '0', '0'), ('29', '29', '网易集团阿里', 'https://download.daynine.top/IcQvGTsPjq/company-logo/f6a79ad9d2a5ec6ea91c479abac66e5f.jpg', null, '10093', 'IcQvGTsPjq', '145147853', null, null, null, '浙江省杭州市滨江区', '', '', '0', null, '0', null, null, '1', '1', '2020-06-05 21:13:40', '0', '1', '0.00', '26x4Cj', 'free_edition', null, '0', '0'), ('31', '31', '熬夜', 'https://download.daynine.top/i8SAvl07MR/company-logo/19d9ef8cf7016f69d05a408859fd9aca.png', null, '10089', 'i8SAvl07MR', '716317556', null, null, null, '北京市北京市东城区', '', '', '0', null, '0', null, null, '1', '1', '2020-06-07 18:43:40', '0', '1', '0.00', 'G8Jwsp', 'personal_sub_1', null, '2020-12-05 19:50:34', '0'), ('32', '32', 'testcompany', null, null, '10103', 'evVTfpu8jH', '57271835', null, null, null, '福建省福州市台江区', '', '', '0', null, '0', null, null, '1', '1', '2020-06-07 21:09:38', '0', '0', '0.00', 'tO7hd8', 'free_edition', null, '0', '0'), ('41', '41', '恒通创新科技股份邮箱责任公司', 'https://download.daynine.top/2T4AoQhIqH/company-logo/3c77c2c9aee908cd0e30590254595bb5.png', null, '10105', '2T4AoQhIqH', '396848696', null, null, null, '北京市北京市东城区放假房间超级超级发酒疯九分裤才能处男处女想你想你发酒疯减肥减肥', '', '', '0', null, '0', null, null, '1', '1', '2020-06-08 19:28:00', '0', '1', '0.00', 'G8LsMP', 'free_edition', null, '0', '0'), ('42', '42', '网易集团', null, null, '10109', 'D56NUDe4Kk', '145147853', null, null, null, '天津市天津市和平区', '', '', '0', null, '0', null, null, '1', '1', '2020-06-09 09:00:57', '0', '1', '0.00', 'xdx4cF', 'free_edition', null, '0', '0'), ('43', '43', '网易集团', null, null, '10110', 'sc9DZXT1Yf', '145147853', null, null, null, '北京市北京市东城区', '', '', '0', null, '0', null, null, '1', '1', '2020-06-09 09:09:38', '0', '1', '0.00', 'SAE4mO', 'free_edition', null, '0', '0'), ('44', '44', '网易云音乐', null, null, '10111', 'UBIn1VWTM9', '145147853', null, null, null, '北京市北京市东城区', '', '', '0', null, '0', null, null, '1', '1', '2020-06-09 10:48:44', '0', '1', '0.00', 'GEMJJ2', 'free_edition', null, '0', '0'), ('50', '50', '阿里云', 'https://download.daynine.top/9UAT7phAZE/company-logo/8130effa79fb79cc513c70f2f0518fa3.png', null, '10116', '9UAT7phAZE', '421533399', null, null, null, '北京市北京市东城区', '', '', '0', null, '0', null, null, '1', '1', '2020-06-09 23:20:39', '0', '1', '0.00', 'F00ROX', 'personal_sub_2', null, '2021-06-13 10:00:21', '0'), ('53', '53', '哈哈', null, null, '10106', 'G9VmSdjKS6', '256611995', null, null, null, '北京市北京市东城区', '', '', '0', null, '0', null, null, '1', '1', '2020-06-10 15:03:34', '0', '0', '0.00', 'upSWKe', 'personal_sub_1', null, '2020-12-07 20:49:54', '0'), ('69', '69', '北极', null, null, '10141', 'CwsYnOjqp5', '899475480', null, null, null, '北京市北京市东城区', '', '', '0', null, '0', null, null, '1', '1', '2020-06-13 18:07:38', '0', '1', '0.00', 'xYmPuU', 'free_edition', null, '0', '0'), ('70', '70', 'bb', null, null, '10142', 'YnwmV6BCTn', '899475480', null, null, null, '北京市北京市东城区', '', '', '0', null, '0', null, null, '1', '1', '2020-06-13 18:45:49', '0', '1', '0.00', 'PfM82B', 'personal_sub_3', null, '2023-06-13 18:51:41', '0'), ('71', '71', '塔塔', null, null, '10146', 'B7MEntyfFZ', '421533399', null, null, null, '北京市北京市东城区', '', '', '0', null, '0', null, null, '1', '1', '2020-06-13 20:35:35', '0', '1', '0.00', 'Hheljf', 'personal_sub_1', null, '2020-12-05 19:50:25', '0'), ('72', '72', '七云网络', 'https://download.daynine.top/G8hyRZcf2Y/company-logo/5860b746c1484a4d267a2a5d7768bdbb.png', '七云网络科技有限公司，简称“七云网络”，成立于2008年，总部位于上海，是一家拥有移动互联网流量入口、集平台运营和产品研发为一体的互联网企业。公司拥有近千人的开发运营团队，旗下有业内领先的多款互联网平台型产品。恺英网络于2015年11月正式登陆A股。(股票代码:002517)', '10137', 'G8hyRZcf2Y', '14967801', null, '021-88888888', null, '上海市上海市浦东新区', '', '', '0', null, '0', null, null, '1', '1', '2020-06-13 20:38:12', '0', '1', '0.00', 'NhKiwZ', 'personal_sub_2', null, '2021-06-13 23:14:49', '0'), ('73', '73', '我们公司', null, null, '10147', 'jOEd99kJcP', '421533399', null, null, null, '北京市北京市东城区', '', '', '0', null, '0', null, null, '1', '1', '2020-06-13 20:46:14', '0', '1', '0.00', 'o07YDa', 'personal_sub_1', null, '2020-12-05 19:50:25', '0'), ('74', '74', '天理', null, null, '10148', 'v6cbtHEHDC', '421533399', null, null, null, '北京市北京市东城区', '', '', '0', null, '0', null, null, '1', '1', '2020-06-13 21:17:51', '0', '1', '0.00', 'jceOYp', 'personal_sub_1', null, '2020-12-05 19:50:25', '0'), ('77', '77', '天安信息', null, null, '10153', 't0BFw1bdoJ', '716317556', null, null, null, '北京市北京市东城区', '', '', '0', null, '0', null, null, '1', '1', '2020-06-14 19:22:08', '0', '0', '0.00', 'hxNTfb', 'free_edition', null, '0', '0'), ('81', '81', '腾讯天美工作室', null, null, '10159', 'WZLfd176U3', '617418112', null, null, null, '北京市北京市东城区', '', '', '0', null, '0', null, null, '1', '1', '2020-06-14 22:36:55', '0', '1', '0.00', 'TIbEuf', 'free_edition', null, '0', '0'), ('82', '82', '哈哈公司', null, null, '10160', 'qWuZVUO7pl', '421533399', null, null, null, '北京市北京市东城区', '', '', '0', null, '0', null, null, '1', '1', '2020-06-14 22:51:49', '0', '1', '0.00', 'tPaBLn', 'personal_sub_1', null, '2020-12-05 19:50:25', '0'), ('83', '83', '腾讯手游', null, null, '10162', '8RclGWhVCp', '617418112', null, null, null, '北京市北京市东城区', '', '', '0', null, '0', null, null, '1', '1', '2020-06-14 23:00:25', '0', '1', '0.00', 'ARc7jl', 'free_edition', null, '0', '0'), ('84', '84', '金樽酒业', null, null, '10163', 'bKO1e8KWtV', '421533399', null, null, null, '广东省深圳市龙华区', '', '', '0', null, '0', null, null, '1', '1', '2020-06-17 14:05:54', '0', '1', '0.00', 'daJGae', 'personal_sub_1', null, '2020-12-05 19:50:25', '0'), ('85', '85', '南一酒馆1', 'https://download.daynine.top/1QNUX8dRKc/company-logo/391009ce0f32adae931ea4a7497d5dd0.png', null, '10164', '1QNUX8dRKc', null, null, null, null, '浙江省杭州市拱墅区星桥街199-5号', '120.11427946869195', '30.331851187943823', '0', null, '0', null, null, '1', '1', '2020-06-17 20:08:55', '0', '0', '0.00', '31FOjB', 'group_sub_1', null, '2021-06-17 20:15:19', '0'), ('86', '86', '南一酒馆很长很长很长很长哈哈哈', 'https://download.daynine.top/6ruMe9gox7/company-logo/391009ce0f32adae931ea4a7497d5dd0.png', null, '10169', '6ruMe9gox7', '935297233', null, null, null, '内蒙古自治区呼和浩特市新城区', '', '', '0', null, '0', null, null, '1', '1', '2020-06-17 21:16:48', '0', '1', '0.00', 'YU0NXV', 'group_sub_1', null, '2021-06-17 21:20:28', '0'), ('87', '87', '上海滩网通信息技术有限公司', null, null, '10150', '56p6o1fK0i', '388957123', null, null, null, '上海市上海市黄浦区', '', '', '0', null, '0', null, null, '1', '1', '2020-06-18 10:29:54', '0', '0', '0.00', 'EWjWFl', 'free_edition', null, '0', '0'), ('88', '88', '上海新零售', null, null, '10171', 'FaXkiKh6CJ', '14967801', null, null, null, '上海市上海市浦东新区', '', '', '0', null, '0', null, null, '1', '1', '2020-06-18 16:37:43', '0', '1', '0.00', 'f4PS0A', 'personal_sub_1', null, '2020-12-10 20:50:17', '0'), ('89', '89', '上海新零售公司', 'https://download.daynine.top/fvyDLPJRGm/company-logo/ff7fa80f769d5b7858a62d8807ae7133.jpg', null, '10172', 'fvyDLPJRGm', '14967801', null, null, null, '北京市北京市东城区', '', '', '0', null, '0', null, null, '1', '1', '2020-06-18 17:10:41', '0', '1', '0.00', 'AhHf2s', 'personal_sub_1', null, '2020-12-10 20:50:17', '0'), ('90', '90', '上海新零售公司', null, null, '10173', 'MbnpqwTcwj', '14967801', null, null, null, '北京市北京市东城区', '', '', '0', null, '0', null, null, '1', '1', '2020-06-18 17:32:58', '0', '0', '0.00', 'CYWogA', 'personal_sub_1', null, '2020-12-10 20:50:17', '0'), ('91', '91', '天九', 'https://download.daynine.top/KP3GG5ReKM/company-logo/54724c9e678d2b3419467e6c12b3c7b2.png', null, '10174', 'KP3GG5ReKM', '617418112', null, null, null, '北京市北京市东城区', '', '', '0', null, '0', null, null, '1', '1', '2020-06-20 20:09:10', '0', '1', '0.00', 'BglbNR', 'free_edition', null, '0', '0'), ('92', '92', '东华帝君大口大口看到附近的快快的快点附近', null, null, '10175', '7Lq6Tm4xmJ', '396848696', null, null, null, '北京市北京市东城区', '', '', '0', null, '0', null, null, '1', '1', '2020-06-21 08:53:32', '0', '1', '0.00', 'JApVVr', 'free_edition', null, '0', '0'), ('93', '93', '吃的健康打底裤富华大酒店快快滴东华帝君多', null, null, '10176', 'wmysBlr95j', '396848696', null, null, null, '北京市北京市东城区', '', '', '0', null, '0', null, null, '1', '1', '2020-06-21 09:06:39', '0', '0', '0.00', 'uerwwh', 'free_edition', null, '0', '0'), ('97', '97', '金樽酒业', null, null, '10180', 'ToavTiwOdE', '421533399', null, null, null, '广东省深圳市龙华区', '', '', '0', null, '0', null, null, '1', '1', '2020-06-22 11:29:44', '0', '1', '0.00', 'f1d6GF', 'personal_sub_1', null, '2020-12-05 19:50:25', '0'), ('98', '98', '宝贝宝贝', null, null, '10182', 'MSXLkxJ9M3', '286262803', null, null, null, '北京市北京市东城区', '', '', '0', null, '0', null, null, '1', '1', '2020-06-22 12:37:51', '0', '1', '0.00', 'fI2iKJ', 'free_edition', null, '0', '0'), ('99', '99', '啦啦啦啦', null, null, '10184', '9y8snaMyrK', '286262803', null, null, null, '北京市北京市西城区', '', '', '0', null, '0', null, null, '1', '1', '2020-06-22 12:42:30', '0', '1', '0.00', 'a4xGmx', 'free_edition', null, '0', '0'), ('100', '100', '啊啊啊', null, null, '10185', 'ra3ciPkIGD', '286262803', null, null, null, '天津市天津市和平区', '', '', '0', null, '0', null, null, '1', '1', '2020-06-22 12:55:49', '0', '1', '0.00', 'nRHCyb', 'free_edition', null, '0', '0'), ('101', '101', '网吧', null, null, '10186', 'JGl8NFNS2E', '286262803', null, null, null, '内蒙古自治区呼和浩特市新城区', '', '', '0', null, '0', null, null, '1', '1', '2020-06-22 13:36:56', '0', '1', '0.00', 'JVqLFw', 'free_edition', null, '0', '0'), ('102', '102', '深圳市金樽酒业有限公司', 'https://download.daynine.top/cHKfcJerZi/1592807460601/3ef45fb2e8a8fa095f530a0b784323d2.jpg', null, '10187', 'cHKfcJerZi', '528713656', null, '0755-23121188', null, '广东省深圳市龙华区民清路88号', '', '', '0', null, '0', null, null, '1', '1', '2020-06-22 13:50:37', '0', '0', '0.00', 'LDI3vC', 'free_edition', null, '0', '0'), ('103', '103', '技术', null, null, '10190', 'TiM7b5KtAN', '286262803', null, null, null, '吉林省长春市南关区', '', '', '0', null, '0', null, null, '1', '1', '2020-06-22 13:56:16', '0', '1', '0.00', '6jd8fM', 'free_edition', null, '0', '0'), ('104', '104', '好好', null, null, '10192', '7C7CydaqyP', '286262803', null, null, null, '辽宁省沈阳市和平区', '', '', '0', null, '0', null, null, '1', '1', '2020-06-22 13:59:45', '0', '1', '0.00', '8KSDOU', 'free_edition', null, '0', '0'), ('105', '105', '啦啦队', null, null, '10194', 'mmwxBbFTpF', '286262803', null, null, null, '内蒙古自治区呼和浩特市玉泉区', '', '', '0', null, '0', null, null, '1', '1', '2020-06-22 14:08:21', '0', '1', '0.00', 'XL6Kha', 'free_edition', null, '0', '0'), ('106', '106', '天九', null, null, '10198', 'rDXCtoCckY', '705017589', null, null, null, '北京市北京市东城区', '', '', '0', null, '0', null, null, '1', '1', '2020-06-23 22:24:37', '0', '1', '0.00', 'hSBAXa', 'free_edition', null, '0', '0'), ('107', '107', '南一的睡前故事', null, null, '10199', 'HSBYwCEHSA', '292112016', null, null, null, '内蒙古自治区呼和浩特市新城区', '', '', '0', null, '0', null, null, '1', '1', '2020-06-24 01:24:09', '0', '1', '0.00', 'ooD5Ix', 'free_edition', null, '0', '0'), ('108', '108', '南一电台', null, null, '10201', 'mJIYgjQeYX', '935297233', null, null, null, '河北省石家庄市长安区', '', '', '0', null, '0', null, null, '1', '1', '2020-06-24 01:34:28', '0', '1', '0.00', 'cNYYgp', 'group_sub_1', null, '2021-06-17 21:20:17', '0'), ('109', '110', '南一酒馆?', null, null, '10203', 'DxWkdHLeNb', '935297233', null, null, null, '辽宁省沈阳市和平区', '', '', '0', null, '0', null, null, '1', '1', '2020-06-24 01:37:17', '0', '1', '0.00', '7IPMaq', 'group_sub_1', null, '2021-06-17 21:20:17', '0'), ('110', '111', '天毅科技', null, null, '10207', 'FS8BfV0h1o', '421533399', null, null, null, '上海市浦东新区松涛路200弄', '121.5974044799805', '31.201936721801736', '0', null, '0', null, null, '1', '1', '2020-06-24 21:20:57', '0', '0', '0.00', '96hnHl', 'personal_sub_1', null, '2020-12-05 19:50:25', '0'), ('111', '112', '苏宁电器', 'https://download.daynine.top/uFvvo3jKuO/company-logo/c2bc4ff9b34dbbe1f26b3003e6dad3cf.png', null, '10209', 'uFvvo3jKuO', '617418112', null, null, null, '北京市北京市东城区', '', '', '0', null, '0', null, null, '1', '1', '2020-06-26 17:03:00', '0', '0', '0.00', 'cwMiSQ', 'free_edition', null, '0', '0'), ('112', '113', '浙江独角兽科技有限责任公司', 'https://download.daynine.top/2f9Us6dMXO/company-logo/6b97bd5282fa1c93850a55d7c30d8482.png', null, '10208', '2f9Us6dMXO', '935297233', null, null, null, '浙江省杭州市拱墅区星桥街199-5号', '120.11426189202757', '30.331830256686597', '0', null, '0', null, null, '1', '1', '2020-06-27 19:01:32', '0', '1', '0.00', '5V559n', 'group_sub_1', null, '2021-06-17 21:20:17', '0'), ('113', '114', '集团', null, null, '10211', 'jFXYIWMZVE', '859030335', null, null, null, '北京市北京市东城区', '', '', '0', null, '0', null, null, '1', '1', '2020-06-29 16:08:43', '0', '0', '0.00', 'RNSDK4', 'free_edition', null, '0', '0'), ('114', '115', '上海浦东新区', null, null, '10214', 'JhNY9F65Fn', '465551918', null, null, null, '北京市北京市东城区', '', '', '0', null, '0', null, null, '1', '1', '2020-07-02 15:25:45', '0', '0', '0.00', 'ymMHQf', 'free_edition', null, '0', '0'), ('115', '116', '上海天汣', null, null, '10090', 'H1uGYNTrV4', '687962792', null, null, null, '上海市上海市黄浦区', '', '', '0', null, '0', null, null, '1', '1', '2020-07-06 11:49:06', '0', '1', '0.00', 'qY2A61', 'free_edition', null, '0', '0'), ('116', '118', '浙江独角兽企业管理咨询有限公司', 'https://download.daynine.top/2M8Rs3EFJR/company-logo/6b97bd5282fa1c93850a55d7c30d8482.png', null, '10221', '2M8Rs3EFJR', '935297233', null, '17179797995', null, '浙江省杭州市拱墅区星桥街199-5号', '120.11430603713971', '30.331829365813178', '0', null, '0', null, null, '1', '1', '2020-07-12 17:26:09', '0', '0', '0.00', 'TQn5mm', 'group_sub_1', null, '2021-06-17 21:20:17', '0'), ('117', '119', '北极', null, null, '10224', 'a30GH4WeWi', '899475480', null, null, null, '江苏省南京市栖霞区', '', '', '0', null, '0', null, null, '1', '1', '2020-07-18 15:50:07', '0', '0', '0.00', 'x5fEqV', 'personal_sub_3', null, '2023-07-18 15:52:44', '0'), ('118', '120', '测试科技有限公司', null, null, '10226', 'mObKG1SyBK', '261068934', null, null, null, '北京市北京市东城区', '', '', '0', null, '0', null, null, '1', '1', '2020-07-18 21:39:16', '0', '0', '0.00', 'TGRNtR', 'personal_main', null, '2021-01-18 11:25:44', '0'), ('119', '0', '上海天毅教育平台', null, null, null, '', null, null, null, null, null, '', '', '0', null, '0', null, null, '1', '1', '2020-07-20 17:39:40', '0', '0', '0.00', '112321', 'free_edition', null, '0', '0'), ('120', '121', '茅台', null, null, '10212', 'pq6mOrV9Ff', '178884730', null, null, null, '湖南省长沙市芙蓉区', '', '', '0', null, '0', null, null, '1', '1', '2020-07-20 22:56:10', '0', '1', '0.00', 'nJMU5J', 'personal_main', null, '2021-01-18 12:13:57', '0'), ('124', '133', '武汉金樽', null, null, '10230', 'Uribtvi8F6', '90105422', null, null, null, '北京市北京市东城区', '', '', '0', null, '0', null, null, '1', '1', '2020-07-22 18:16:01', '0', '0', '0.00', 'ZFW6kc', 'free_edition', null, '0', '0');
COMMIT;

-- ----------------------------
--  Table structure for `sys_config`
-- ----------------------------
DROP TABLE IF EXISTS `sys_config`;
CREATE TABLE `sys_config` (
  `config_id` int NOT NULL AUTO_INCREMENT COMMENT '参数主键',
  `config_name` varchar(100) DEFAULT '' COMMENT '参数名称',
  `config_key` varchar(100) DEFAULT '' COMMENT '参数键名',
  `config_value` varchar(100) DEFAULT '' COMMENT '参数键值',
  `config_type` char(1) DEFAULT 'N' COMMENT '系统内置（Y是 N否）',
  `create_by` varchar(64) DEFAULT '' COMMENT '创建者',
  `create_time` datetime DEFAULT NULL COMMENT '创建时间',
  `update_by` varchar(64) DEFAULT '' COMMENT '更新者',
  `update_time` datetime DEFAULT NULL COMMENT '更新时间',
  `remark` varchar(500) DEFAULT NULL COMMENT '备注',
  PRIMARY KEY (`config_id`)
) ENGINE=InnoDB AUTO_INCREMENT=100 DEFAULT CHARSET=utf8 COMMENT='参数配置表';

-- ----------------------------
--  Records of `sys_config`
-- ----------------------------
BEGIN;
INSERT INTO `sys_config` VALUES ('1', '主框架页-默认皮肤样式名称', 'sys.index.skinName', 'skin-blue', 'Y', 'admin', '2018-03-16 11:33:00', 'ry', '2018-03-16 11:33:00', '蓝色 skin-blue、绿色 skin-green、紫色 skin-purple、红色 skin-red、黄色 skin-yellow'), ('2', '用户管理-账号初始密码', 'sys.user.initPassword', '123456', 'Y', 'admin', '2018-03-16 11:33:00', 'ry', '2018-03-16 11:33:00', '初始化密码 123456');
COMMIT;

-- ----------------------------
--  Table structure for `sys_dept`
-- ----------------------------
DROP TABLE IF EXISTS `sys_dept`;
CREATE TABLE `sys_dept` (
  `dept_id` bigint NOT NULL AUTO_INCREMENT COMMENT '部门id',
  `parent_id` bigint DEFAULT '0' COMMENT '父部门id',
  `ancestors` varchar(50) DEFAULT '' COMMENT '祖级列表',
  `dept_name` varchar(30) DEFAULT '' COMMENT '部门名称',
  `order_num` int DEFAULT '0' COMMENT '显示顺序',
  `leader` varchar(20) DEFAULT NULL COMMENT '负责人',
  `phone` varchar(11) DEFAULT NULL COMMENT '联系电话',
  `email` varchar(50) DEFAULT NULL COMMENT '邮箱',
  `status` char(1) DEFAULT '0' COMMENT '部门状态（0正常 1停用）',
  `del_flag` char(1) DEFAULT '0' COMMENT '删除标志（0代表存在 2代表删除）',
  `create_by` varchar(64) DEFAULT '' COMMENT '创建者',
  `create_time` datetime DEFAULT NULL COMMENT '创建时间',
  `update_by` varchar(64) DEFAULT '' COMMENT '更新者',
  `update_time` datetime DEFAULT NULL COMMENT '更新时间',
  PRIMARY KEY (`dept_id`)
) ENGINE=InnoDB AUTO_INCREMENT=200 DEFAULT CHARSET=utf8 COMMENT='部门表';

-- ----------------------------
--  Records of `sys_dept`
-- ----------------------------
BEGIN;
INSERT INTO `sys_dept` VALUES ('100', '0', '0', '华毅科技', '0', '华毅', '15888888888', '47571859@qq.com', '0', '0', 'admin', '2019-10-16 11:33:00', 'admin', '2019-10-16 11:33:00'), ('101', '100', '0,100', '武汉总公司', '1', '华毅', '15888888888', '47571859@qq.com', '0', '0', 'admin', '2019-10-16 11:33:00', 'admin', '2019-10-16 11:33:00');
COMMIT;

-- ----------------------------
--  Table structure for `sys_dict_data`
-- ----------------------------
DROP TABLE IF EXISTS `sys_dict_data`;
CREATE TABLE `sys_dict_data` (
  `dict_code` int NOT NULL AUTO_INCREMENT COMMENT '字典编码',
  `dict_sort` int DEFAULT '0' COMMENT '字典排序',
  `dict_label` varchar(100) DEFAULT '' COMMENT '字典标签',
  `dict_value` varchar(100) DEFAULT '' COMMENT '字典键值',
  `dict_type` varchar(100) DEFAULT '' COMMENT '字典类型',
  `css_class` varchar(100) DEFAULT NULL COMMENT '样式属性（其他样式扩展）',
  `list_class` varchar(100) DEFAULT NULL COMMENT '表格回显样式',
  `is_default` char(1) DEFAULT 'N' COMMENT '是否默认（Y是 N否）',
  `status` char(1) DEFAULT '0' COMMENT '状态（0正常 1停用）',
  `create_by` varchar(64) DEFAULT '' COMMENT '创建者',
  `create_time` datetime DEFAULT NULL COMMENT '创建时间',
  `update_by` varchar(64) DEFAULT '' COMMENT '更新者',
  `update_time` datetime DEFAULT NULL COMMENT '更新时间',
  `remark` varchar(500) DEFAULT NULL COMMENT '备注',
  PRIMARY KEY (`dict_code`)
) ENGINE=InnoDB AUTO_INCREMENT=100 DEFAULT CHARSET=utf8 COMMENT='字典数据表';

-- ----------------------------
--  Records of `sys_dict_data`
-- ----------------------------
BEGIN;
INSERT INTO `sys_dict_data` VALUES ('1', '1', '男', '0', 'sys_user_sex', '', '', 'Y', '0', 'admin', '2018-03-16 11:33:00', 'ry', '2018-03-16 11:33:00', '性别男'), ('2', '2', '女', '1', 'sys_user_sex', '', '', 'N', '0', 'admin', '2018-03-16 11:33:00', 'ry', '2018-03-16 11:33:00', '性别女'), ('3', '3', '未知', '2', 'sys_user_sex', '', '', 'N', '0', 'admin', '2018-03-16 11:33:00', 'ry', '2018-03-16 11:33:00', '性别未知'), ('4', '1', '显示', '0', 'sys_show_hide', '', 'primary', 'Y', '0', 'admin', '2018-03-16 11:33:00', 'ry', '2018-03-16 11:33:00', '显示菜单'), ('5', '2', '隐藏', '1', 'sys_show_hide', '', 'danger', 'N', '0', 'admin', '2018-03-16 11:33:00', 'ry', '2018-03-16 11:33:00', '隐藏菜单'), ('6', '1', '正常', '0', 'sys_normal_disable', '', 'primary', 'Y', '0', 'admin', '2018-03-16 11:33:00', 'ry', '2018-03-16 11:33:00', '正常状态'), ('7', '2', '停用', '1', 'sys_normal_disable', '', 'danger', 'N', '0', 'admin', '2018-03-16 11:33:00', 'ry', '2018-03-16 11:33:00', '停用状态'), ('8', '1', '正常', '0', 'sys_job_status', '', 'primary', 'Y', '0', 'admin', '2018-03-16 11:33:00', 'ry', '2018-03-16 11:33:00', '正常状态'), ('9', '2', '暂停', '1', 'sys_job_status', '', 'danger', 'N', '0', 'admin', '2018-03-16 11:33:00', 'ry', '2018-03-16 11:33:00', '停用状态'), ('10', '1', '是', 'Y', 'sys_yes_no', '', 'primary', 'Y', '0', 'admin', '2018-03-16 11:33:00', 'ry', '2018-03-16 11:33:00', '系统默认是'), ('11', '2', '否', 'N', 'sys_yes_no', '', 'danger', 'N', '0', 'admin', '2018-03-16 11:33:00', 'ry', '2018-03-16 11:33:00', '系统默认否'), ('12', '1', '通知', '1', 'sys_notice_type', '', 'warning', 'Y', '0', 'admin', '2018-03-16 11:33:00', 'ry', '2018-03-16 11:33:00', '通知'), ('13', '2', '公告', '2', 'sys_notice_type', '', 'success', 'N', '0', 'admin', '2018-03-16 11:33:00', 'ry', '2018-03-16 11:33:00', '公告'), ('14', '1', '正常', '0', 'sys_notice_status', '', 'primary', 'Y', '0', 'admin', '2018-03-16 11:33:00', 'ry', '2018-03-16 11:33:00', '正常状态'), ('15', '2', '关闭', '1', 'sys_notice_status', '', 'danger', 'N', '0', 'admin', '2018-03-16 11:33:00', 'ry', '2018-03-16 11:33:00', '关闭状态'), ('16', '1', '新增', '1', 'sys_oper_type', '', 'info', 'N', '0', 'admin', '2018-03-16 11:33:00', 'ry', '2018-03-16 11:33:00', '新增操作'), ('17', '2', '修改', '2', 'sys_oper_type', '', 'info', 'N', '0', 'admin', '2018-03-16 11:33:00', 'ry', '2018-03-16 11:33:00', '修改操作'), ('18', '3', '删除', '3', 'sys_oper_type', '', 'danger', 'N', '0', 'admin', '2018-03-16 11:33:00', 'ry', '2018-03-16 11:33:00', '删除操作'), ('19', '4', '授权', '4', 'sys_oper_type', '', 'primary', 'N', '0', 'admin', '2018-03-16 11:33:00', 'ry', '2018-03-16 11:33:00', '授权操作'), ('20', '5', '导出', '5', 'sys_oper_type', '', 'warning', 'N', '0', 'admin', '2018-03-16 11:33:00', 'ry', '2018-03-16 11:33:00', '导出操作'), ('21', '6', '导入', '6', 'sys_oper_type', '', 'warning', 'N', '0', 'admin', '2018-03-16 11:33:00', 'ry', '2018-03-16 11:33:00', '导入操作'), ('22', '7', '强退', '7', 'sys_oper_type', '', 'danger', 'N', '0', 'admin', '2018-03-16 11:33:00', 'ry', '2018-03-16 11:33:00', '强退操作'), ('23', '8', '生成代码', '8', 'sys_oper_type', '', 'warning', 'N', '0', 'admin', '2018-03-16 11:33:00', 'ry', '2018-03-16 11:33:00', '生成操作'), ('24', '8', '清空数据', '9', 'sys_oper_type', '', 'danger', 'N', '0', 'admin', '2018-03-16 11:33:00', 'ry', '2018-03-16 11:33:00', '清空操作'), ('25', '1', '成功', '0', 'sys_common_status', '', 'primary', 'N', '0', 'admin', '2018-03-16 11:33:00', 'ry', '2018-03-16 11:33:00', '正常状态'), ('26', '2', '失败', '1', 'sys_common_status', '', 'danger', 'N', '0', 'admin', '2018-03-16 11:33:00', 'ry', '2018-03-16 11:33:00', '停用状态');
COMMIT;

-- ----------------------------
--  Table structure for `sys_dict_type`
-- ----------------------------
DROP TABLE IF EXISTS `sys_dict_type`;
CREATE TABLE `sys_dict_type` (
  `dict_id` int NOT NULL AUTO_INCREMENT COMMENT '字典主键',
  `dict_name` varchar(100) DEFAULT '' COMMENT '字典名称',
  `dict_type` varchar(100) DEFAULT '' COMMENT '字典类型',
  `status` char(1) DEFAULT '0' COMMENT '状态（0正常 1停用）',
  `create_by` varchar(64) DEFAULT '' COMMENT '创建者',
  `create_time` datetime DEFAULT NULL COMMENT '创建时间',
  `update_by` varchar(64) DEFAULT '' COMMENT '更新者',
  `update_time` datetime DEFAULT NULL COMMENT '更新时间',
  `remark` varchar(500) DEFAULT NULL COMMENT '备注',
  PRIMARY KEY (`dict_id`),
  UNIQUE KEY `dict_type` (`dict_type`)
) ENGINE=InnoDB AUTO_INCREMENT=100 DEFAULT CHARSET=utf8 COMMENT='字典类型表';

-- ----------------------------
--  Records of `sys_dict_type`
-- ----------------------------
BEGIN;
INSERT INTO `sys_dict_type` VALUES ('1', '用户性别', 'sys_user_sex', '0', 'admin', '2018-03-16 11:33:00', 'ry', '2018-03-16 11:33:00', '用户性别列表'), ('2', '菜单状态', 'sys_show_hide', '0', 'admin', '2018-03-16 11:33:00', 'ry', '2018-03-16 11:33:00', '菜单状态列表'), ('3', '系统开关', 'sys_normal_disable', '0', 'admin', '2018-03-16 11:33:00', 'ry', '2018-03-16 11:33:00', '系统开关列表'), ('4', '任务状态', 'sys_job_status', '0', 'admin', '2018-03-16 11:33:00', 'ry', '2018-03-16 11:33:00', '任务状态列表'), ('5', '系统是否', 'sys_yes_no', '0', 'admin', '2018-03-16 11:33:00', 'ry', '2018-03-16 11:33:00', '系统是否列表'), ('6', '通知类型', 'sys_notice_type', '0', 'admin', '2018-03-16 11:33:00', 'ry', '2018-03-16 11:33:00', '通知类型列表'), ('7', '通知状态', 'sys_notice_status', '0', 'admin', '2018-03-16 11:33:00', 'ry', '2018-03-16 11:33:00', '通知状态列表'), ('8', '操作类型', 'sys_oper_type', '0', 'admin', '2018-03-16 11:33:00', 'ry', '2018-03-16 11:33:00', '操作类型列表'), ('9', '系统状态', 'sys_common_status', '0', 'admin', '2018-03-16 11:33:00', 'ry', '2018-03-16 11:33:00', '登录状态列表');
COMMIT;

-- ----------------------------
--  Table structure for `sys_job`
-- ----------------------------
DROP TABLE IF EXISTS `sys_job`;
CREATE TABLE `sys_job` (
  `job_id` int NOT NULL AUTO_INCREMENT COMMENT '任务ID',
  `job_name` varchar(64) NOT NULL DEFAULT '' COMMENT '任务名称',
  `job_group` varchar(64) NOT NULL DEFAULT '' COMMENT '任务组名',
  `method_name` varchar(500) DEFAULT '' COMMENT '任务方法',
  `method_params` varchar(50) DEFAULT NULL COMMENT '方法参数',
  `cron_expression` varchar(255) DEFAULT '' COMMENT 'cron执行表达式',
  `misfire_policy` varchar(20) DEFAULT '3' COMMENT '计划执行错误策略（1立即执行 2执行一次 3放弃执行）',
  `status` char(1) DEFAULT '0' COMMENT '状态（0正常 1暂停）',
  `create_by` varchar(64) DEFAULT '' COMMENT '创建者',
  `create_time` datetime DEFAULT NULL COMMENT '创建时间',
  `update_by` varchar(64) DEFAULT '' COMMENT '更新者',
  `update_time` datetime DEFAULT NULL COMMENT '更新时间',
  `remark` varchar(500) DEFAULT '' COMMENT '备注信息',
  PRIMARY KEY (`job_id`,`job_name`,`job_group`)
) ENGINE=InnoDB AUTO_INCREMENT=100 DEFAULT CHARSET=utf8 COMMENT='定时任务调度表';

-- ----------------------------
--  Records of `sys_job`
-- ----------------------------
BEGIN;
INSERT INTO `sys_job` VALUES ('1', 'ryTask', '系统默认（无参）', 'ryNoParams', '', '0/10 * * * * ?', '3', '1', 'admin', '2018-03-16 11:33:00', 'ry', '2018-03-16 11:33:00', ''), ('2', 'ryTask', '系统默认（有参）', 'ryParams', 'ry', '0/20 * * * * ?', '3', '1', 'admin', '2018-03-16 11:33:00', 'ry', '2018-03-16 11:33:00', '');
COMMIT;

-- ----------------------------
--  Table structure for `sys_job_log`
-- ----------------------------
DROP TABLE IF EXISTS `sys_job_log`;
CREATE TABLE `sys_job_log` (
  `job_log_id` int NOT NULL AUTO_INCREMENT COMMENT '任务日志ID',
  `job_name` varchar(64) NOT NULL COMMENT '任务名称',
  `job_group` varchar(64) NOT NULL COMMENT '任务组名',
  `method_name` varchar(500) DEFAULT NULL COMMENT '任务方法',
  `method_params` varchar(50) DEFAULT NULL COMMENT '方法参数',
  `job_message` varchar(500) DEFAULT NULL COMMENT '日志信息',
  `status` char(1) DEFAULT '0' COMMENT '执行状态（0正常 1失败）',
  `exception_info` varchar(2000) DEFAULT '' COMMENT '异常信息',
  `create_time` datetime DEFAULT NULL COMMENT '创建时间',
  PRIMARY KEY (`job_log_id`)
) ENGINE=InnoDB DEFAULT CHARSET=utf8 COMMENT='定时任务调度日志表';

-- ----------------------------
--  Table structure for `sys_logininfor`
-- ----------------------------
DROP TABLE IF EXISTS `sys_logininfor`;
CREATE TABLE `sys_logininfor` (
  `info_id` int NOT NULL AUTO_INCREMENT COMMENT '访问ID',
  `login_name` varchar(50) DEFAULT '' COMMENT '登录账号',
  `ipaddr` varchar(50) DEFAULT '' COMMENT '登录IP地址',
  `login_location` varchar(255) DEFAULT '' COMMENT '登录地点',
  `browser` varchar(50) DEFAULT '' COMMENT '浏览器类型',
  `os` varchar(50) DEFAULT '' COMMENT '操作系统',
  `status` char(1) DEFAULT '0' COMMENT '登录状态（0成功 1失败）',
  `msg` varchar(255) DEFAULT '' COMMENT '提示消息',
  `login_time` datetime DEFAULT NULL COMMENT '访问时间',
  PRIMARY KEY (`info_id`)
) ENGINE=InnoDB AUTO_INCREMENT=101 DEFAULT CHARSET=utf8 COMMENT='系统访问记录';

-- ----------------------------
--  Records of `sys_logininfor`
-- ----------------------------
BEGIN;
INSERT INTO `sys_logininfor` VALUES ('100', 'admin', '127.0.0.1', '内网IP', 'Firefox 8', 'Mac OS X', '0', '登录成功', '2020-11-13 10:38:33');
COMMIT;

-- ----------------------------
--  Table structure for `sys_menu`
-- ----------------------------
DROP TABLE IF EXISTS `sys_menu`;
CREATE TABLE `sys_menu` (
  `menu_id` int NOT NULL AUTO_INCREMENT COMMENT '菜单ID',
  `menu_name` varchar(50) NOT NULL COMMENT '菜单名称',
  `parent_id` int DEFAULT '0' COMMENT '父菜单ID',
  `order_num` int DEFAULT '0' COMMENT '显示顺序',
  `url` varchar(200) DEFAULT '#' COMMENT '请求地址',
  `menu_type` char(1) DEFAULT '' COMMENT '菜单类型（M目录 C菜单 F按钮）',
  `visible` char(1) DEFAULT '0' COMMENT '菜单状态（0显示 1隐藏）',
  `perms` varchar(100) DEFAULT NULL COMMENT '权限标识',
  `icon` varchar(100) DEFAULT '#' COMMENT '菜单图标',
  `create_by` varchar(64) DEFAULT '' COMMENT '创建者',
  `create_time` datetime DEFAULT NULL COMMENT '创建时间',
  `update_by` varchar(64) DEFAULT '' COMMENT '更新者',
  `update_time` datetime DEFAULT NULL COMMENT '更新时间',
  `remark` varchar(500) DEFAULT '' COMMENT '备注',
  PRIMARY KEY (`menu_id`)
) ENGINE=InnoDB AUTO_INCREMENT=2005 DEFAULT CHARSET=utf8 COMMENT='菜单权限表';

-- ----------------------------
--  Records of `sys_menu`
-- ----------------------------
BEGIN;
INSERT INTO `sys_menu` VALUES ('1', '系统管理', '0', '3', '#', 'M', '0', '', 'fa fa-gear', 'admin', '2018-03-16 11:33:00', 'ry', '2018-03-16 11:33:00', '系统管理目录'), ('2', '系统监控', '0', '2', '#', 'M', '0', '', 'fa fa-video-camera', 'admin', '2018-03-16 11:33:00', 'ry', '2018-03-16 11:33:00', '系统监控目录'), ('100', '用户管理', '1', '999', '/system/users', 'C', '0', 'system:user:view', '#', 'admin', '2018-03-16 11:33:00', 'ry', '2018-03-16 11:33:00', '用户管理菜单'), ('101', '角色管理', '1', '998', '/system/roles', 'C', '0', 'system:role:view', '#', 'admin', '2018-03-16 11:33:00', 'ry', '2018-03-16 11:33:00', '角色管理菜单'), ('102', '菜单管理', '1', '997', '/system/menus', 'C', '0', 'system:menu:view', '#', 'admin', '2018-03-16 11:33:00', 'ry', '2018-03-16 11:33:00', '菜单管理菜单'), ('103', '部门管理', '1', '996', '/system/dept', 'C', '0', 'system:dept:view', '#', 'admin', '2018-03-16 11:33:00', 'ry', '2018-03-16 11:33:00', '部门管理菜单'), ('104', '岗位管理', '1', '995', '/system/post', 'C', '0', 'system:post:view', '#', 'admin', '2018-03-16 11:33:00', 'ry', '2018-03-16 11:33:00', '岗位管理菜单'), ('105', '字典管理', '1', '992', '/system/dict', 'C', '0', 'system:dict:view', '#', 'admin', '2018-03-16 11:33:00', 'ry', '2018-03-16 11:33:00', '字典管理菜单'), ('107', '通知公告', '1', '993', '/system/notice', 'C', '0', 'system:notice:view', '#', 'admin', '2018-03-16 11:33:00', 'ry', '2018-03-16 11:33:00', '通知公告菜单'), ('108', '日志管理', '1', '1', '#', 'M', '0', '', '#', 'admin', '2018-03-16 11:33:00', 'ry', '2018-03-16 11:33:00', '日志管理菜单'), ('110', '定时任务', '2', '2', '/monitor/job', 'C', '0', 'monitor:job:view', '#', 'admin', '2018-03-16 11:33:00', 'ry', '2018-03-16 11:33:00', '定时任务菜单'), ('112', '服务监控', '2', '3', '/monitor/server', 'C', '0', 'monitor:server:view', '#', 'admin', '2018-03-16 11:33:00', 'ry', '2018-03-16 11:33:00', '服务监控菜单'), ('500', '操作日志', '108', '1', '/monitor/operlog', 'C', '0', 'monitor:operlog:view', '#', 'admin', '2018-03-16 11:33:00', 'ry', '2018-03-16 11:33:00', '操作日志菜单'), ('501', '登录日志', '108', '2', '/monitor/logininfor', 'C', '0', 'monitor:logininfor:view', '#', 'admin', '2018-03-16 11:33:00', 'ry', '2018-03-16 11:33:00', '登录日志菜单'), ('1000', '用户查询', '100', '1', '#', 'F', '0', 'system:user:list', '#', 'admin', '2018-03-16 11:33:00', 'ry', '2018-03-16 11:33:00', ''), ('1001', '用户新增', '100', '2', '#', 'F', '0', 'system:user:add', '#', 'admin', '2018-03-16 11:33:00', 'ry', '2018-03-16 11:33:00', ''), ('1002', '用户修改', '100', '3', '#', 'F', '0', 'system:user:edit', '#', 'admin', '2018-03-16 11:33:00', 'ry', '2018-03-16 11:33:00', ''), ('1003', '用户删除', '100', '4', '#', 'F', '0', 'system:user:remove', '#', 'admin', '2018-03-16 11:33:00', 'ry', '2018-03-16 11:33:00', ''), ('1004', '用户导出', '100', '5', '#', 'F', '0', 'system:user:export', '#', 'admin', '2018-03-16 11:33:00', 'ry', '2018-03-16 11:33:00', ''), ('1005', '用户导入', '100', '6', '#', 'F', '0', 'system:user:import', '#', 'admin', '2018-03-16 11:33:00', 'ry', '2018-03-16 11:33:00', ''), ('1006', '重置密码', '100', '7', '#', 'F', '0', 'system:user:resetPwd', '#', 'admin', '2018-03-16 11:33:00', 'ry', '2018-03-16 11:33:00', ''), ('1007', '角色查询', '101', '1', '#', 'F', '0', 'system:role:list', '#', 'admin', '2018-03-16 11:33:00', 'ry', '2018-03-16 11:33:00', ''), ('1008', '角色新增', '101', '2', '#', 'F', '0', 'system:role:add', '#', 'admin', '2018-03-16 11:33:00', 'ry', '2018-03-16 11:33:00', ''), ('1009', '角色修改', '101', '3', '#', 'F', '0', 'system:role:edit', '#', 'admin', '2018-03-16 11:33:00', 'ry', '2018-03-16 11:33:00', ''), ('1010', '角色删除', '101', '4', '#', 'F', '0', 'system:role:remove', '#', 'admin', '2018-03-16 11:33:00', 'ry', '2018-03-16 11:33:00', ''), ('1011', '角色导出', '101', '5', '#', 'F', '0', 'system:role:export', '#', 'admin', '2018-03-16 11:33:00', 'ry', '2018-03-16 11:33:00', ''), ('1012', '菜单查询', '102', '1', '#', 'F', '0', 'system:menu:list', '#', 'admin', '2018-03-16 11:33:00', 'ry', '2018-03-16 11:33:00', ''), ('1013', '菜单新增', '102', '2', '#', 'F', '0', 'system:menu:add', '#', 'admin', '2018-03-16 11:33:00', 'ry', '2018-03-16 11:33:00', ''), ('1014', '菜单修改', '102', '3', '#', 'F', '0', 'system:menu:edit', '#', 'admin', '2018-03-16 11:33:00', 'ry', '2018-03-16 11:33:00', ''), ('1015', '菜单删除', '102', '4', '#', 'F', '0', 'system:menu:remove', '#', 'admin', '2018-03-16 11:33:00', 'ry', '2018-03-16 11:33:00', ''), ('1016', '部门查询', '103', '1', '#', 'F', '0', 'system:dept:list', '#', 'admin', '2018-03-16 11:33:00', 'ry', '2018-03-16 11:33:00', ''), ('1017', '部门新增', '103', '2', '#', 'F', '0', 'system:dept:add', '#', 'admin', '2018-03-16 11:33:00', 'ry', '2018-03-16 11:33:00', ''), ('1018', '部门修改', '103', '3', '#', 'F', '0', 'system:dept:edit', '#', 'admin', '2018-03-16 11:33:00', 'ry', '2018-03-16 11:33:00', ''), ('1019', '部门删除', '103', '4', '#', 'F', '0', 'system:dept:remove', '#', 'admin', '2018-03-16 11:33:00', 'ry', '2018-03-16 11:33:00', ''), ('1020', '岗位查询', '104', '1', '#', 'F', '0', 'system:post:list', '#', 'admin', '2018-03-16 11:33:00', 'ry', '2018-03-16 11:33:00', ''), ('1021', '岗位新增', '104', '2', '#', 'F', '0', 'system:post:add', '#', 'admin', '2018-03-16 11:33:00', 'ry', '2018-03-16 11:33:00', ''), ('1022', '岗位修改', '104', '3', '#', 'F', '0', 'system:post:edit', '#', 'admin', '2018-03-16 11:33:00', 'ry', '2018-03-16 11:33:00', ''), ('1023', '岗位删除', '104', '4', '#', 'F', '0', 'system:post:remove', '#', 'admin', '2018-03-16 11:33:00', 'ry', '2018-03-16 11:33:00', ''), ('1024', '岗位导出', '104', '5', '#', 'F', '0', 'system:post:export', '#', 'admin', '2018-03-16 11:33:00', 'ry', '2018-03-16 11:33:00', ''), ('1025', '字典查询', '105', '1', '#', 'F', '0', 'system:dict:list', '#', 'admin', '2018-03-16 11:33:00', 'ry', '2018-03-16 11:33:00', ''), ('1026', '字典新增', '105', '2', '#', 'F', '0', 'system:dict:add', '#', 'admin', '2018-03-16 11:33:00', 'ry', '2018-03-16 11:33:00', ''), ('1027', '字典修改', '105', '3', '#', 'F', '0', 'system:dict:edit', '#', 'admin', '2018-03-16 11:33:00', 'ry', '2018-03-16 11:33:00', ''), ('1028', '字典删除', '105', '4', '#', 'F', '0', 'system:dict:remove', '#', 'admin', '2018-03-16 11:33:00', 'ry', '2018-03-16 11:33:00', ''), ('1029', '字典导出', '105', '5', '#', 'F', '0', 'system:dict:export', '#', 'admin', '2018-03-16 11:33:00', 'ry', '2018-03-16 11:33:00', ''), ('1035', '公告查询', '107', '1', '#', 'F', '0', 'system:notice:list', '#', 'admin', '2018-03-16 11:33:00', 'ry', '2018-03-16 11:33:00', ''), ('1036', '公告新增', '107', '2', '#', 'F', '0', 'system:notice:add', '#', 'admin', '2018-03-16 11:33:00', 'ry', '2018-03-16 11:33:00', ''), ('1037', '公告修改', '107', '3', '#', 'F', '0', 'system:notice:edit', '#', 'admin', '2018-03-16 11:33:00', 'ry', '2018-03-16 11:33:00', ''), ('1038', '公告删除', '107', '4', '#', 'F', '0', 'system:notice:remove', '#', 'admin', '2018-03-16 11:33:00', 'ry', '2018-03-16 11:33:00', ''), ('1039', '操作查询', '500', '1', '#', 'F', '0', 'monitor:operlog:list', '#', 'admin', '2018-03-16 11:33:00', 'ry', '2018-03-16 11:33:00', ''), ('1040', '操作删除', '500', '2', '#', 'F', '0', 'monitor:operlog:remove', '#', 'admin', '2018-03-16 11:33:00', 'ry', '2018-03-16 11:33:00', ''), ('1041', '详细信息', '500', '3', '#', 'F', '0', 'monitor:operlog:detail', '#', 'admin', '2018-03-16 11:33:00', 'ry', '2018-03-16 11:33:00', ''), ('1042', '日志导出', '500', '4', '#', 'F', '0', 'monitor:operlog:export', '#', 'admin', '2018-03-16 11:33:00', 'ry', '2018-03-16 11:33:00', ''), ('1043', '登录查询', '501', '1', '#', 'F', '0', 'monitor:logininfor:list', '#', 'admin', '2018-03-16 11:33:00', 'ry', '2018-03-16 11:33:00', ''), ('1044', '登录删除', '501', '2', '#', 'F', '0', 'monitor:logininfor:remove', '#', 'admin', '2018-03-16 11:33:00', 'ry', '2018-03-16 11:33:00', ''), ('1045', '日志导出', '501', '3', '#', 'F', '0', 'monitor:logininfor:export', '#', 'admin', '2018-03-16 11:33:00', 'ry', '2018-03-16 11:33:00', ''), ('1049', '任务查询', '110', '1', '#', 'F', '0', 'monitor:job:list', '#', 'admin', '2018-03-16 11:33:00', 'ry', '2018-03-16 11:33:00', ''), ('1050', '任务新增', '110', '2', '#', 'F', '0', 'monitor:job:add', '#', 'admin', '2018-03-16 11:33:00', 'ry', '2018-03-16 11:33:00', ''), ('1051', '任务修改', '110', '3', '#', 'F', '0', 'monitor:job:edit', '#', 'admin', '2018-03-16 11:33:00', 'ry', '2018-03-16 11:33:00', ''), ('1052', '任务删除', '110', '4', '#', 'F', '0', 'monitor:job:remove', '#', 'admin', '2018-03-16 11:33:00', 'ry', '2018-03-16 11:33:00', ''), ('1053', '状态修改', '110', '5', '#', 'F', '0', 'monitor:job:changeStatus', '#', 'admin', '2018-03-16 11:33:00', 'ry', '2018-03-16 11:33:00', ''), ('1054', '任务详细', '110', '6', '#', 'F', '0', 'monitor:job:detail', '#', 'admin', '2018-03-16 11:33:00', 'ry', '2018-03-16 11:33:00', ''), ('1055', '任务导出', '110', '7', '#', 'F', '0', 'monitor:job:export', '#', 'admin', '2018-03-16 11:33:00', 'ry', '2018-03-16 11:33:00', '');
COMMIT;

-- ----------------------------
--  Table structure for `sys_notice`
-- ----------------------------
DROP TABLE IF EXISTS `sys_notice`;
CREATE TABLE `sys_notice` (
  `notice_id` int NOT NULL AUTO_INCREMENT COMMENT '公告ID',
  `notice_title` varchar(50) NOT NULL COMMENT '公告标题',
  `notice_type` char(1) NOT NULL COMMENT '公告类型（1通知 2公告）',
  `notice_content` varchar(2000) DEFAULT NULL COMMENT '公告内容',
  `status` char(1) DEFAULT '0' COMMENT '公告状态（0正常 1关闭）',
  `create_by` varchar(64) DEFAULT '' COMMENT '创建者',
  `create_time` datetime DEFAULT NULL COMMENT '创建时间',
  `update_by` varchar(64) DEFAULT '' COMMENT '更新者',
  `update_time` datetime DEFAULT NULL COMMENT '更新时间',
  `remark` varchar(255) DEFAULT NULL COMMENT '备注',
  `company_id` bigint DEFAULT '0' COMMENT '机构ID',
  PRIMARY KEY (`notice_id`)
) ENGINE=InnoDB AUTO_INCREMENT=10 DEFAULT CHARSET=utf8 COMMENT='通知公告表';

-- ----------------------------
--  Records of `sys_notice`
-- ----------------------------
BEGIN;
INSERT INTO `sys_notice` VALUES ('1', '温馨提醒：2018-07-01 若依新版本发布啦', '2', '新版本内容', '0', 'admin', '2018-03-16 11:33:00', 'ry', '2018-03-16 11:33:00', '管理员', '0'), ('2', '维护通知：2018-07-01 若依系统凌晨维护', '1', '维护内容', '0', 'admin', '2018-03-16 11:33:00', 'ry', '2018-03-16 11:33:00', '管理员', '0');
COMMIT;

-- ----------------------------
--  Table structure for `sys_oper_log`
-- ----------------------------
DROP TABLE IF EXISTS `sys_oper_log`;
CREATE TABLE `sys_oper_log` (
  `oper_id` int NOT NULL AUTO_INCREMENT COMMENT '日志主键',
  `title` varchar(50) DEFAULT '' COMMENT '模块标题',
  `business_type` int DEFAULT '0' COMMENT '业务类型（0其它 1新增 2修改 3删除）',
  `method` varchar(100) DEFAULT '' COMMENT '方法名称',
  `operator_type` int DEFAULT '0' COMMENT '操作类别（0其它 1后台用户 2手机端用户）',
  `oper_name` varchar(50) DEFAULT '' COMMENT '操作人员',
  `dept_name` varchar(50) DEFAULT '' COMMENT '部门名称',
  `oper_url` varchar(255) DEFAULT '' COMMENT '请求URL',
  `oper_ip` varchar(50) DEFAULT '' COMMENT '主机地址',
  `oper_location` varchar(255) DEFAULT '' COMMENT '操作地点',
  `oper_param` varchar(255) DEFAULT '' COMMENT '请求参数',
  `status` int DEFAULT '0' COMMENT '操作状态（0正常 1异常）',
  `error_msg` varchar(2000) DEFAULT '' COMMENT '错误消息',
  `oper_time` datetime DEFAULT NULL COMMENT '操作时间',
  PRIMARY KEY (`oper_id`)
) ENGINE=InnoDB AUTO_INCREMENT=268 DEFAULT CHARSET=utf8 COMMENT='操作日志记录';

-- ----------------------------
--  Records of `sys_oper_log`
-- ----------------------------
BEGIN;
INSERT INTO `sys_oper_log` VALUES ('100', '用户管理', '2', 'com.huayi.web.controller.system.SysUserController.editSave()', '1', null, null, '/api/biz/user/edit', '127.0.0.1', '内网IP', '{ }', '1', '', '2020-11-17 15:44:53'), ('101', '用户管理', '2', 'com.huayi.web.controller.system.SysUserController.editSave()', '1', 'admin', '研发部门', '/api/biz/user/edit', '127.0.0.1', '内网IP', '{ }', '0', null, '2020-11-17 19:31:57'), ('102', '用户管理', '2', 'com.huayi.web.controller.system.SysUserController.editSave()', '1', 'admin', '研发部门', '/api/biz/user/edit', '127.0.0.1', '内网IP', '{ }', '0', null, '2020-11-17 19:33:14'), ('103', '用户管理', '2', 'com.huayi.web.controller.system.SysUserController.editSave()', '1', 'admin', '研发部门', '/api/biz/user/edit', '127.0.0.1', '内网IP', '{ }', '0', null, '2020-11-18 10:06:34'), ('104', '用户管理', '2', 'com.huayi.web.controller.system.SysUserController.editSave()', '1', 'admin', '研发部门', '/api/biz/user/edit', '127.0.0.1', '内网IP', '{ }', '0', null, '2020-11-18 10:08:56'), ('105', '用户管理', '2', 'com.huayi.web.controller.system.SysUserController.editSave()', '1', 'admin', '研发部门', '/api/biz/user/edit', '127.0.0.1', '内网IP', '{ }', '1', 'nested exception is org.apache.ibatis.reflection.ReflectionException: There is no getter for property named \'create_time\' in \'class com.huayi.system.domain.SysUserRole\'', '2020-11-18 10:09:18'), ('106', '用户管理', '2', 'com.huayi.web.controller.system.SysUserController.editSave()', '1', 'admin', '研发部门', '/api/biz/user/edit', '127.0.0.1', '内网IP', '{ }', '1', '\n### Error updating database.  Cause: java.sql.SQLIntegrityConstraintViolationException: Column \'user_id\' cannot be null\n### The error may involve defaultParameterMap\n### The error occurred while setting parameters\n### SQL: insert into sys_user_role(company_id,user_id, role_id,create_time,create_user) values         (?,?,?,?,?)    ,     (?,?,?,?,?)\n### Cause: java.sql.SQLIntegrityConstraintViolationException: Column \'user_id\' cannot be null\n; Column \'user_id\' cannot be null; nested exception is java.sql.SQLIntegrityConstraintViolationException: Column \'user_id\' cannot be null', '2020-11-18 10:12:35'), ('107', '用户管理', '2', 'com.huayi.web.controller.system.SysUserController.editSave()', '1', 'admin', '研发部门', '/api/biz/user/edit', '127.0.0.1', '内网IP', '{ }', '1', '\n### Error updating database.  Cause: java.sql.SQLIntegrityConstraintViolationException: Column \'user_id\' cannot be null\n### The error may involve defaultParameterMap\n### The error occurred while setting parameters\n### SQL: insert into sys_user_role(company_id,user_id, role_id,create_time,create_user) values         (?,?,?,?,?)\n### Cause: java.sql.SQLIntegrityConstraintViolationException: Column \'user_id\' cannot be null\n; Column \'user_id\' cannot be null; nested exception is java.sql.SQLIntegrityConstraintViolationException: Column \'user_id\' cannot be null', '2020-11-18 10:14:23'), ('108', '用户管理', '2', 'com.huayi.web.controller.system.SysUserController.editSave()', '1', 'admin', '研发部门', '/api/biz/user/edit', '127.0.0.1', '内网IP', '{ }', '1', 'Invalid bound statement (not found): com.huayi.system.mapper.SysUserRoleMapper.deleteUserRoleIn', '2020-11-18 10:15:01'), ('109', '用户管理', '2', 'com.huayi.web.controller.system.SysUserController.editSave()', '1', 'admin', '研发部门', '/api/biz/user/edit', '127.0.0.1', '内网IP', '{ }', '1', '\n### Error updating database.  Cause: java.sql.SQLIntegrityConstraintViolationException: Duplicate entry \'2-2\' for key \'sys_user_role.PRIMARY\'\n### The error may involve defaultParameterMap\n### The error occurred while setting parameters\n### SQL: insert into sys_user_role(company_id,user_id, role_id,create_time,create_user) values         (?,?,?,?,?)    ,     (?,?,?,?,?)\n### Cause: java.sql.SQLIntegrityConstraintViolationException: Duplicate entry \'2-2\' for key \'sys_user_role.PRIMARY\'\n; Duplicate entry \'2-2\' for key \'sys_user_role.PRIMARY\'; nested exception is java.sql.SQLIntegrityConstraintViolationException: Duplicate entry \'2-2\' for key \'sys_user_role.PRIMARY\'', '2020-11-18 10:17:30'), ('110', '用户管理', '2', 'com.huayi.web.controller.system.SysUserController.editSave()', '1', 'admin', '研发部门', '/api/biz/user/edit', '127.0.0.1', '内网IP', '{ }', '1', '\n### Error updating database.  Cause: java.sql.SQLIntegrityConstraintViolationException: Column \'company_id\' cannot be null\n### The error may involve defaultParameterMap\n### The error occurred while setting parameters\n### SQL: insert into sys_user_role(company_id,user_id, role_id,create_time,create_user) values         (?,?,?,?,?)    ,     (?,?,?,?,?)\n### Cause: java.sql.SQLIntegrityConstraintViolationException: Column \'company_id\' cannot be null\n; Column \'company_id\' cannot be null; nested exception is java.sql.SQLIntegrityConstraintViolationException: Column \'company_id\' cannot be null', '2020-11-18 10:18:34'), ('111', '用户管理', '2', 'com.huayi.web.controller.system.SysUserController.editSave()', '1', 'admin', '研发部门', '/api/biz/user/edit', '127.0.0.1', '内网IP', '{ }', '1', '\n### Error updating database.  Cause: java.sql.SQLIntegrityConstraintViolationException: Column \'company_id\' cannot be null\n### The error may involve defaultParameterMap\n### The error occurred while setting parameters\n### SQL: insert into sys_user_role(company_id,user_id, role_id,create_time,create_user) values         (?,?,?,?,?)    ,     (?,?,?,?,?)\n### Cause: java.sql.SQLIntegrityConstraintViolationException: Column \'company_id\' cannot be null\n; Column \'company_id\' cannot be null; nested exception is java.sql.SQLIntegrityConstraintViolationException: Column \'company_id\' cannot be null', '2020-11-18 10:20:04'), ('112', '用户管理', '2', 'com.huayi.web.controller.system.SysUserController.editSave()', '1', 'admin', '研发部门', '/api/biz/user/edit', '127.0.0.1', '内网IP', '{ }', '1', '\n### Error updating database.  Cause: java.sql.SQLIntegrityConstraintViolationException: Column \'company_id\' cannot be null\n### The error may involve defaultParameterMap\n### The error occurred while setting parameters\n### SQL: insert into sys_user_role(company_id,user_id, role_id,create_time,create_user) values         (?,?,?,?,?)    ,     (?,?,?,?,?)\n### Cause: java.sql.SQLIntegrityConstraintViolationException: Column \'company_id\' cannot be null\n; Column \'company_id\' cannot be null; nested exception is java.sql.SQLIntegrityConstraintViolationException: Column \'company_id\' cannot be null', '2020-11-18 10:20:25'), ('113', '用户管理', '2', 'com.huayi.web.controller.system.SysUserController.editSave()', '1', 'admin', '研发部门', '/api/biz/user/edit', '127.0.0.1', '内网IP', '{ }', '1', '\n### Error updating database.  Cause: java.sql.SQLIntegrityConstraintViolationException: Column \'company_id\' cannot be null\n### The error may involve defaultParameterMap\n### The error occurred while setting parameters\n### SQL: insert into sys_user_role(company_id,user_id, role_id,create_time,create_user) values         (?,?,?,?,?)    ,     (?,?,?,?,?)\n### Cause: java.sql.SQLIntegrityConstraintViolationException: Column \'company_id\' cannot be null\n; Column \'company_id\' cannot be null; nested exception is java.sql.SQLIntegrityConstraintViolationException: Column \'company_id\' cannot be null', '2020-11-18 10:21:52'), ('114', '用户管理', '2', 'com.huayi.web.controller.system.SysUserController.editSave()', '1', 'admin', '研发部门', '/api/biz/user/edit', '127.0.0.1', '内网IP', '{ }', '1', '\n### Error updating database.  Cause: java.sql.SQLSyntaxErrorException: You have an error in your SQL syntax; check the manual that corresponds to your MySQL server version for the right syntax to use near \'\' at line 1\n### The error may involve com.huayi.system.mapper.SysUserRoleMapper.deleteUserRoleIn-Inline\n### The error occurred while setting parameters\n### SQL: delete from sys_user_role where company_id=? and role_id in\n### Cause: java.sql.SQLSyntaxErrorException: You have an error in your SQL syntax; check the manual that corresponds to your MySQL server version for the right syntax to use near \'\' at line 1\n; bad SQL grammar []; nested exception is java.sql.SQLSyntaxErrorException: You have an error in your SQL syntax; check the manual that corresponds to your MySQL server version for the right syntax to use near \'\' at line 1', '2020-11-18 10:37:18'), ('115', '用户管理', '2', 'com.huayi.web.controller.system.SysUserController.editSave()', '1', 'admin', '研发部门', '/api/biz/user/edit', '127.0.0.1', '内网IP', '{ }', '1', '\n### Error updating database.  Cause: java.sql.SQLSyntaxErrorException: You have an error in your SQL syntax; check the manual that corresponds to your MySQL server version for the right syntax to use near \'\' at line 1\n### The error may involve com.huayi.system.mapper.SysUserRoleMapper.deleteUserRoleIn-Inline\n### The error occurred while setting parameters\n### SQL: delete from sys_user_role where company_id=? and role_id in\n### Cause: java.sql.SQLSyntaxErrorException: You have an error in your SQL syntax; check the manual that corresponds to your MySQL server version for the right syntax to use near \'\' at line 1\n; bad SQL grammar []; nested exception is java.sql.SQLSyntaxErrorException: You have an error in your SQL syntax; check the manual that corresponds to your MySQL server version for the right syntax to use near \'\' at line 1', '2020-11-18 10:38:52'), ('116', '用户管理', '2', 'com.huayi.web.controller.system.SysUserController.editSave()', '1', 'admin', '研发部门', '/api/biz/user/edit', '127.0.0.1', '内网IP', '{ }', '0', null, '2020-11-18 10:39:14'), ('117', '用户管理', '2', 'com.huayi.web.controller.system.SysUserController.editSave()', '1', 'admin', '研发部门', '/api/biz/user/edit', '127.0.0.1', '内网IP', '{ }', '1', '\n### Error updating database.  Cause: java.sql.SQLSyntaxErrorException: You have an error in your SQL syntax; check the manual that corresponds to your MySQL server version for the right syntax to use near \'\' at line 1\n### The error may involve defaultParameterMap\n### The error occurred while setting parameters\n### SQL: insert into sys_user_role(company_id,user_id, role_id,create_time,create_user) values\n### Cause: java.sql.SQLSyntaxErrorException: You have an error in your SQL syntax; check the manual that corresponds to your MySQL server version for the right syntax to use near \'\' at line 1\n; bad SQL grammar []; nested exception is java.sql.SQLSyntaxErrorException: You have an error in your SQL syntax; check the manual that corresponds to your MySQL server version for the right syntax to use near \'\' at line 1', '2020-11-18 10:40:30'), ('118', '用户管理', '2', 'com.huayi.web.controller.system.SysUserController.editSave()', '1', 'admin', '研发部门', '/api/biz/user/edit', '127.0.0.1', '内网IP', '{ }', '1', '\n### Error updating database.  Cause: java.sql.SQLSyntaxErrorException: You have an error in your SQL syntax; check the manual that corresponds to your MySQL server version for the right syntax to use near \'\' at line 1\n### The error may involve defaultParameterMap\n### The error occurred while setting parameters\n### SQL: insert into sys_user_role(company_id,user_id, role_id,create_time,create_user) values\n### Cause: java.sql.SQLSyntaxErrorException: You have an error in your SQL syntax; check the manual that corresponds to your MySQL server version for the right syntax to use near \'\' at line 1\n; bad SQL grammar []; nested exception is java.sql.SQLSyntaxErrorException: You have an error in your SQL syntax; check the manual that corresponds to your MySQL server version for the right syntax to use near \'\' at line 1', '2020-11-18 10:41:19'), ('119', '用户管理', '2', 'com.huayi.web.controller.system.SysUserController.editSave()', '1', 'admin', '研发部门', '/api/biz/user/edit', '127.0.0.1', '内网IP', '{ }', '0', null, '2020-11-18 10:43:59'), ('120', '用户管理', '2', 'com.huayi.web.controller.system.SysUserController.editSave()', '1', 'admin', '研发部门', '/api/biz/user/edit', '127.0.0.1', '内网IP', '{ }', '0', null, '2020-11-18 10:47:50'), ('121', '用户管理', '2', 'com.huayi.web.controller.system.SysUserController.editSave()', '1', 'admin', '研发部门', '/api/biz/user/edit', '127.0.0.1', '内网IP', '{ }', '0', null, '2020-11-18 10:49:31'), ('122', '用户管理', '2', 'com.huayi.web.controller.system.SysUserController.editSave()', '1', 'admin', '研发部门', '/api/biz/user/edit', '127.0.0.1', '内网IP', '{ }', '0', null, '2020-11-18 17:49:31'), ('123', '用户管理', '2', 'com.huayi.web.controller.system.SysUserController.editSave()', '1', 'admin', '研发部门', '/api/biz/user/edit', '127.0.0.1', '内网IP', '{ }', '0', null, '2020-11-18 17:50:53'), ('124', '用户管理', '2', 'com.huayi.web.controller.system.SysUserController.editSave()', '1', 'admin', '研发部门', '/api/biz/user/edit', '127.0.0.1', '内网IP', '{ }', '0', null, '2020-11-18 17:51:33'), ('125', '用户管理', '2', 'com.huayi.web.controller.system.SysUserController.editSave()', '1', 'admin', '研发部门', '/api/biz/user/edit', '127.0.0.1', '内网IP', '{ }', '0', null, '2020-11-18 17:52:26'), ('126', '用户管理', '2', 'com.huayi.web.controller.system.SysUserController.editSave()', '1', 'admin', '研发部门', '/api/biz/user/edit', '127.0.0.1', '内网IP', '{ }', '0', null, '2020-11-19 22:48:47'), ('127', '角色管理', '2', 'com.huayi.web.controller.system.SysRoleController.updateRoleMenu()', '1', 'admin', '研发部门', '/api/biz/role/updateRoleMenu', '127.0.0.1', '内网IP', '{ }', '0', null, '2020-11-24 14:36:06'), ('128', '角色管理', '2', 'com.huayi.web.controller.system.SysRoleController.updateRoleMenu()', '1', 'admin', '研发部门', '/api/biz/role/updateRoleMenu', '127.0.0.1', '内网IP', '{ }', '0', null, '2020-11-24 14:36:30'), ('129', '角色管理', '2', 'com.huayi.web.controller.system.SysRoleController.updateRoleMenu()', '1', 'admin', '研发部门', '/api/biz/role/updateRoleMenu', '127.0.0.1', '内网IP', '{ }', '0', null, '2020-11-24 14:37:00'), ('130', '角色管理', '2', 'com.huayi.web.controller.system.SysRoleController.updateRoleMenu()', '1', 'admin', '研发部门', '/api/biz/role/updateRoleMenu', '127.0.0.1', '内网IP', '{ }', '0', null, '2020-11-24 14:38:31'), ('131', '角色管理', '2', 'com.huayi.web.controller.system.SysRoleController.updateRoleMenu()', '1', 'admin', '研发部门', '/api/biz/role/updateRoleMenu', '127.0.0.1', '内网IP', '{ }', '0', null, '2020-11-24 14:42:49'), ('132', '角色管理', '2', 'com.huayi.web.controller.system.SysRoleController.updateRoleMenu()', '1', 'admin', '研发部门', '/api/biz/role/updateRoleMenu', '127.0.0.1', '内网IP', '{ }', '0', null, '2020-11-24 14:43:08'), ('133', '角色管理', '2', 'com.huayi.web.controller.system.SysRoleController.updateRoleMenu()', '1', 'admin', '研发部门', '/api/biz/role/updateRoleMenu', '127.0.0.1', '内网IP', '{ }', '0', null, '2020-11-24 14:43:28'), ('134', '角色管理', '2', 'com.huayi.web.controller.system.SysRoleController.updateRoleMenu()', '1', 'admin', '研发部门', '/api/biz/role/updateRoleMenu', '127.0.0.1', '内网IP', '{ }', '0', null, '2020-11-24 14:44:25'), ('135', '角色管理', '2', 'com.huayi.web.controller.system.SysRoleController.updateRoleMenu()', '1', 'admin', '研发部门', '/api/biz/role/updateRoleMenu', '127.0.0.1', '内网IP', '{ }', '0', null, '2020-11-24 14:44:36'), ('136', '角色管理', '2', 'com.huayi.web.controller.system.SysRoleController.updateRoleMenu()', '1', 'admin', '研发部门', '/api/biz/role/updateRoleMenu', '127.0.0.1', '内网IP', '{ }', '0', null, '2020-11-24 14:45:23'), ('137', '角色管理', '2', 'com.huayi.web.controller.system.SysRoleController.updateRoleMenu()', '1', 'admin', '研发部门', '/api/biz/role/updateRoleMenu', '127.0.0.1', '内网IP', '{ }', '0', null, '2020-11-24 14:46:26'), ('138', '角色管理', '2', 'com.huayi.web.controller.system.SysRoleController.updateRoleMenu()', '1', 'admin', '研发部门', '/api/biz/role/updateRoleMenu', '127.0.0.1', '内网IP', '{ }', '1', 'nested exception is org.apache.ibatis.builder.BuilderException: The expression \'menuIds\' evaluated to a null value.', '2020-11-24 14:48:31'), ('139', '角色管理', '2', 'com.huayi.web.controller.system.SysRoleController.updateRoleMenu()', '1', 'admin', '研发部门', '/api/biz/role/updateRoleMenu', '127.0.0.1', '内网IP', '{ }', '1', '\n### Error updating database.  Cause: java.sql.SQLIntegrityConstraintViolationException: Duplicate entry \'2-1\' for key \'sys_role_menu.PRIMARY\'\n### The error may involve defaultParameterMap\n### The error occurred while setting parameters\n### SQL: insert into sys_role_menu(company_id,role_id, menu_id,create_time,create_user) values         (?,?,?,?,?)    ,     (?,?,?,?,?)    ,     (?,?,?,?,?)    ,     (?,?,?,?,?)    ,     (?,?,?,?,?)    ,     (?,?,?,?,?)    ,     (?,?,?,?,?)    ,     (?,?,?,?,?)    ,     (?,?,?,?,?)    ,     (?,?,?,?,?)    ,     (?,?,?,?,?)    ,     (?,?,?,?,?)    ,     (?,?,?,?,?)    ,     (?,?,?,?,?)    ,     (?,?,?,?,?)    ,     (?,?,?,?,?)    ,     (?,?,?,?,?)    ,     (?,?,?,?,?)    ,     (?,?,?,?,?)    ,     (?,?,?,?,?)    ,     (?,?,?,?,?)    ,     (?,?,?,?,?)\n### Cause: java.sql.SQLIntegrityConstraintViolationException: Duplicate entry \'2-1\' for key \'sys_role_menu.PRIMARY\'\n; Duplicate entry \'2-1\' for key \'sys_role_menu.PRIMARY\'; nested exception is java.sql.SQLIntegrityConstraintViolationException: Duplicate entry \'2-1\' for key \'sys_role_menu.PRIMARY\'', '2020-11-24 14:51:09'), ('140', '角色管理', '2', 'com.huayi.web.controller.system.SysRoleController.updateRoleMenu()', '1', 'admin', '研发部门', '/api/biz/role/updateRoleMenu', '127.0.0.1', '内网IP', '{ }', '0', null, '2020-11-24 14:51:49'), ('141', '角色管理', '2', 'com.huayi.web.controller.system.SysRoleController.updateRoleMenu()', '1', 'admin', '研发部门', '/api/biz/role/updateRoleMenu', '127.0.0.1', '内网IP', '{ }', '1', '\n### Error updating database.  Cause: java.sql.SQLIntegrityConstraintViolationException: Duplicate entry \'2-1-1\' for key \'sys_role_menu.PRIMARY\'\n### The error may involve defaultParameterMap\n### The error occurred while setting parameters\n### SQL: insert into sys_role_menu(company_id,role_id, menu_id,create_time,create_user) values         (?,?,?,?,?)    ,     (?,?,?,?,?)    ,     (?,?,?,?,?)    ,     (?,?,?,?,?)    ,     (?,?,?,?,?)    ,     (?,?,?,?,?)    ,     (?,?,?,?,?)    ,     (?,?,?,?,?)    ,     (?,?,?,?,?)    ,     (?,?,?,?,?)    ,     (?,?,?,?,?)    ,     (?,?,?,?,?)    ,     (?,?,?,?,?)    ,     (?,?,?,?,?)    ,     (?,?,?,?,?)    ,     (?,?,?,?,?)    ,     (?,?,?,?,?)    ,     (?,?,?,?,?)    ,     (?,?,?,?,?)    ,     (?,?,?,?,?)    ,     (?,?,?,?,?)    ,     (?,?,?,?,?)    ,     (?,?,?,?,?)\n### Cause: java.sql.SQLIntegrityConstraintViolationException: Duplicate entry \'2-1-1\' for key \'sys_role_menu.PRIMARY\'\n; Duplicate entry \'2-1-1\' for key \'sys_role_menu.PRIMARY\'; nested exception is java.sql.SQLIntegrityConstraintViolationException: Duplicate entry \'2-1-1\' for key \'sys_role_menu.PRIMARY\'', '2020-11-24 14:53:17'), ('142', '角色管理', '2', 'com.huayi.web.controller.system.SysRoleController.updateRoleMenu()', '1', 'admin', '研发部门', '/api/biz/role/updateRoleMenu', '127.0.0.1', '内网IP', '{ }', '1', '\n### Error updating database.  Cause: java.sql.SQLIntegrityConstraintViolationException: Duplicate entry \'2-1-1\' for key \'sys_role_menu.PRIMARY\'\n### The error may involve defaultParameterMap\n### The error occurred while setting parameters\n### SQL: insert into sys_role_menu(company_id,role_id, menu_id,create_time,create_user) values         (?,?,?,?,?)    ,     (?,?,?,?,?)    ,     (?,?,?,?,?)    ,     (?,?,?,?,?)    ,     (?,?,?,?,?)    ,     (?,?,?,?,?)    ,     (?,?,?,?,?)    ,     (?,?,?,?,?)    ,     (?,?,?,?,?)    ,     (?,?,?,?,?)    ,     (?,?,?,?,?)    ,     (?,?,?,?,?)    ,     (?,?,?,?,?)    ,     (?,?,?,?,?)    ,     (?,?,?,?,?)    ,     (?,?,?,?,?)    ,     (?,?,?,?,?)    ,     (?,?,?,?,?)    ,     (?,?,?,?,?)    ,     (?,?,?,?,?)    ,     (?,?,?,?,?)    ,     (?,?,?,?,?)\n### Cause: java.sql.SQLIntegrityConstraintViolationException: Duplicate entry \'2-1-1\' for key \'sys_role_menu.PRIMARY\'\n; Duplicate entry \'2-1-1\' for key \'sys_role_menu.PRIMARY\'; nested exception is java.sql.SQLIntegrityConstraintViolationException: Duplicate entry \'2-1-1\' for key \'sys_role_menu.PRIMARY\'', '2020-11-24 14:54:15'), ('143', '角色管理', '2', 'com.huayi.web.controller.system.SysRoleController.updateRoleMenu()', '1', 'admin', '研发部门', '/api/biz/role/updateRoleMenu', '127.0.0.1', '内网IP', '{ }', '1', '\n### Error updating database.  Cause: java.sql.SQLIntegrityConstraintViolationException: Duplicate entry \'2-1-1\' for key \'sys_role_menu.PRIMARY\'\n### The error may involve defaultParameterMap\n### The error occurred while setting parameters\n### SQL: insert into sys_role_menu(company_id,role_id, menu_id,create_time,create_user) values         (?,?,?,?,?)    ,     (?,?,?,?,?)    ,     (?,?,?,?,?)    ,     (?,?,?,?,?)    ,     (?,?,?,?,?)    ,     (?,?,?,?,?)    ,     (?,?,?,?,?)    ,     (?,?,?,?,?)    ,     (?,?,?,?,?)    ,     (?,?,?,?,?)    ,     (?,?,?,?,?)    ,     (?,?,?,?,?)    ,     (?,?,?,?,?)    ,     (?,?,?,?,?)    ,     (?,?,?,?,?)    ,     (?,?,?,?,?)    ,     (?,?,?,?,?)    ,     (?,?,?,?,?)    ,     (?,?,?,?,?)    ,     (?,?,?,?,?)    ,     (?,?,?,?,?)    ,     (?,?,?,?,?)\n### Cause: java.sql.SQLIntegrityConstraintViolationException: Duplicate entry \'2-1-1\' for key \'sys_role_menu.PRIMARY\'\n; Duplicate entry \'2-1-1\' for key \'sys_role_menu.PRIMARY\'; nested exception is java.sql.SQLIntegrityConstraintViolationException: Duplicate entry \'2-1-1\' for key \'sys_role_menu.PRIMARY\'', '2020-11-24 14:54:57'), ('144', '角色管理', '2', 'com.huayi.web.controller.system.SysRoleController.updateRoleMenu()', '1', 'admin', '研发部门', '/api/biz/role/updateRoleMenu', '127.0.0.1', '内网IP', '{ }', '1', '\n### Error updating database.  Cause: java.sql.SQLIntegrityConstraintViolationException: Duplicate entry \'2-1-1\' for key \'sys_role_menu.PRIMARY\'\n### The error may involve defaultParameterMap\n### The error occurred while setting parameters\n### SQL: insert into sys_role_menu(company_id,role_id, menu_id,create_time,create_user) values         (?,?,?,?,?)    ,     (?,?,?,?,?)    ,     (?,?,?,?,?)    ,     (?,?,?,?,?)    ,     (?,?,?,?,?)    ,     (?,?,?,?,?)    ,     (?,?,?,?,?)    ,     (?,?,?,?,?)    ,     (?,?,?,?,?)    ,     (?,?,?,?,?)    ,     (?,?,?,?,?)    ,     (?,?,?,?,?)    ,     (?,?,?,?,?)    ,     (?,?,?,?,?)    ,     (?,?,?,?,?)    ,     (?,?,?,?,?)    ,     (?,?,?,?,?)    ,     (?,?,?,?,?)    ,     (?,?,?,?,?)    ,     (?,?,?,?,?)    ,     (?,?,?,?,?)    ,     (?,?,?,?,?)\n### Cause: java.sql.SQLIntegrityConstraintViolationException: Duplicate entry \'2-1-1\' for key \'sys_role_menu.PRIMARY\'\n; Duplicate entry \'2-1-1\' for key \'sys_role_menu.PRIMARY\'; nested exception is java.sql.SQLIntegrityConstraintViolationException: Duplicate entry \'2-1-1\' for key \'sys_role_menu.PRIMARY\'', '2020-11-24 14:56:59'), ('145', '角色管理', '2', 'com.huayi.web.controller.system.SysRoleController.updateRoleMenu()', '1', 'admin', '研发部门', '/api/biz/role/updateRoleMenu', '127.0.0.1', '内网IP', '{ }', '0', null, '2020-11-24 14:58:11'), ('146', '角色管理', '2', 'com.huayi.web.controller.system.SysRoleController.updateRoleMenu()', '1', 'admin', '研发部门', '/api/biz/role/updateRoleMenu', '127.0.0.1', '内网IP', '{ }', '0', null, '2020-11-24 14:59:07'), ('147', '角色管理', '2', 'com.huayi.web.controller.system.SysRoleController.updateRoleMenu()', '1', 'admin', '研发部门', '/api/biz/role/updateRoleMenu', '127.0.0.1', '内网IP', '{ }', '0', null, '2020-11-24 15:01:13'), ('148', '角色管理', '2', 'com.huayi.web.controller.system.SysRoleController.updateRoleMenu()', '1', 'admin', '研发部门', '/api/biz/role/updateRoleMenu', '127.0.0.1', '内网IP', '{ }', '0', null, '2020-11-24 15:14:03'), ('149', '角色管理', '2', 'com.huayi.web.controller.system.SysRoleController.updateRoleMenu()', '1', 'admin', '研发部门', '/api/biz/role/updateRoleMenu', '127.0.0.1', '内网IP', '{ }', '0', null, '2020-11-24 15:14:21'), ('150', '角色管理', '2', 'com.huayi.web.controller.system.SysRoleController.editSave()', '1', 'admin', '研发部门', '/api/biz/role/edit', '127.0.0.1', '内网IP', '{ }', '1', '', '2020-11-24 16:08:31'), ('151', '角色管理', '2', 'com.huayi.web.controller.system.SysRoleController.editSave()', '1', 'admin', '研发部门', '/api/biz/role/edit', '127.0.0.1', '内网IP', '{ }', '1', '', '2020-11-24 16:10:15'), ('152', '角色管理', '2', 'com.huayi.web.controller.system.SysRoleController.editSave()', '1', 'admin', '研发部门', '/api/biz/role/edit', '127.0.0.1', '内网IP', '{ }', '0', null, '2020-11-24 16:11:19'), ('153', '角色管理', '2', 'com.huayi.web.controller.system.SysRoleController.editSave()', '1', 'admin', '研发部门', '/api/biz/role/edit', '127.0.0.1', '内网IP', '{ }', '0', null, '2020-11-24 16:16:35'), ('154', '角色管理', '1', 'com.huayi.web.controller.system.SysRoleController.addSave()', '1', 'admin', '研发部门', '/api/biz/role/add', '127.0.0.1', '内网IP', '{ }', '1', 'nested exception is org.apache.ibatis.type.TypeException: Could not set parameters for mapping: ParameterMapping{property=\'companyId\', mode=IN, javaType=class java.lang.Long, jdbcType=null, numericScale=null, resultMapId=\'null\', jdbcTypeName=\'null\', expression=\'null\'}. Cause: org.apache.ibatis.type.TypeException: Error setting non null for parameter #1 with JdbcType null . Try setting a different JdbcType for this parameter or a different configuration property. Cause: java.lang.ClassCastException: java.lang.String cannot be cast to java.lang.Long', '2020-11-24 16:17:12'), ('155', '角色管理', '1', 'com.huayi.web.controller.system.SysRoleController.addSave()', '1', 'admin', '研发部门', '/api/biz/role/add', '127.0.0.1', '内网IP', '{ }', '1', '\n### Error updating database.  Cause: java.sql.SQLException: Field \'role_sort\' doesn\'t have a default value\n### The error may involve com.huayi.system.mapper.SysRoleMapper.insertRole-Inline\n### The error occurred while setting parameters\n### SQL: insert into sys_role(     company_id,             role_name,       role_key,                         remark,       create_by,      create_time    )values(     ?,             ?,       ?,                         ?,       ?,      sysdate()    )\n### Cause: java.sql.SQLException: Field \'role_sort\' doesn\'t have a default value\n; Field \'role_sort\' doesn\'t have a default value; nested exception is java.sql.SQLException: Field \'role_sort\' doesn\'t have a default value', '2020-11-24 16:21:39'), ('156', '角色管理', '1', 'com.huayi.web.controller.system.SysRoleController.addSave()', '1', 'admin', '研发部门', '/api/biz/role/add', '127.0.0.1', '内网IP', '{ }', '1', '\n### Error updating database.  Cause: java.sql.SQLException: Field \'status\' doesn\'t have a default value\n### The error may involve com.huayi.system.mapper.SysRoleMapper.insertRole-Inline\n### The error occurred while setting parameters\n### SQL: insert into sys_role(     company_id,             role_name,       role_key,       role_sort,                   remark,       create_by,      create_time    )values(     ?,             ?,       ?,       ?,                   ?,       ?,      sysdate()    )\n### Cause: java.sql.SQLException: Field \'status\' doesn\'t have a default value\n; Field \'status\' doesn\'t have a default value; nested exception is java.sql.SQLException: Field \'status\' doesn\'t have a default value', '2020-11-24 16:24:13'), ('157', '角色管理', '1', 'com.huayi.web.controller.system.SysRoleController.addSave()', '1', 'admin', '研发部门', '/api/biz/role/add', '127.0.0.1', '内网IP', '{ }', '0', null, '2020-11-24 16:25:13'), ('158', '角色管理', '2', 'com.huayi.web.controller.system.SysRoleController.editSave()', '1', 'admin', '研发部门', '/api/biz/role/edit', '127.0.0.1', '内网IP', '{ }', '0', null, '2020-11-24 16:26:30'), ('159', '角色管理', '2', 'com.huayi.web.controller.system.SysRoleController.updateRoleMenu()', '1', 'admin', '研发部门', '/api/biz/role/updateRoleMenu', '127.0.0.1', '内网IP', '{ }', '0', null, '2020-11-24 16:26:47'), ('160', '角色管理', '2', 'com.huayi.web.controller.system.SysRoleController.updateRoleMenu()', '1', 'admin', '研发部门', '/api/biz/role/updateRoleMenu', '127.0.0.1', '内网IP', '{ }', '0', null, '2020-11-24 16:27:01'), ('161', '角色管理', '2', 'com.huayi.web.controller.system.SysRoleController.updateRoleMenu()', '1', 'admin', '研发部门', '/api/biz/role/updateRoleMenu', '127.0.0.1', '内网IP', '{ }', '0', null, '2020-11-24 16:29:48'), ('162', '角色管理', '2', 'com.huayi.web.controller.system.SysRoleController.updateRoleMenu()', '1', 'admin', '研发部门', '/api/biz/role/updateRoleMenu', '127.0.0.1', '内网IP', '{ }', '0', null, '2020-11-24 16:53:45'), ('163', '角色管理', '2', 'com.huayi.web.controller.system.SysRoleController.updateRoleMenu()', '1', 'admin', '研发部门', '/api/biz/role/updateRoleMenu', '127.0.0.1', '内网IP', '{ }', '0', null, '2020-11-24 22:52:45'), ('164', '菜单管理', '1', 'com.huayi.web.controller.system.SysMenuController.addSave()', '1', 'admin', '研发部门', '/api/biz/menu/add', '127.0.0.1', '内网IP', '{ }', '1', '\n### Error updating database.  Cause: java.sql.SQLException: Field \'menu_name\' doesn\'t have a default value\n### The error may involve com.huayi.system.mapper.SysMenuMapper.insertMenu-Inline\n### The error occurred while setting parameters\n### SQL: insert into sys_menu(                                                                  create_by,      create_time    )values(                                                                  ?,      sysdate()    )\n### Cause: java.sql.SQLException: Field \'menu_name\' doesn\'t have a default value\n; Field \'menu_name\' doesn\'t have a default value; nested exception is java.sql.SQLException: Field \'menu_name\' doesn\'t have a default value', '2020-11-25 12:48:09'), ('165', '菜单管理', '1', 'com.huayi.web.controller.system.SysMenuController.addSave()', '1', 'admin', '研发部门', '/api/biz/menu/add', '127.0.0.1', '内网IP', '{ }', '1', '\n### Error updating database.  Cause: java.sql.SQLException: Field \'menu_name\' doesn\'t have a default value\n### The error may involve com.huayi.system.mapper.SysMenuMapper.insertMenu-Inline\n### The error occurred while setting parameters\n### SQL: insert into sys_menu(                                                                  create_by,      create_time    )values(                                                                  ?,      sysdate()    )\n### Cause: java.sql.SQLException: Field \'menu_name\' doesn\'t have a default value\n; Field \'menu_name\' doesn\'t have a default value; nested exception is java.sql.SQLException: Field \'menu_name\' doesn\'t have a default value', '2020-11-25 12:48:10'), ('166', '菜单管理', '1', 'com.huayi.web.controller.system.SysMenuController.addSave()', '1', 'admin', '研发部门', '/api/biz/menu/add', '127.0.0.1', '内网IP', '{ }', '1', '\n### Error updating database.  Cause: java.sql.SQLException: Field \'menu_name\' doesn\'t have a default value\n### The error may involve com.huayi.system.mapper.SysMenuMapper.insertMenu-Inline\n### The error occurred while setting parameters\n### SQL: insert into sys_menu(                                                                  create_by,      create_time    )values(                                                                  ?,      sysdate()    )\n### Cause: java.sql.SQLException: Field \'menu_name\' doesn\'t have a default value\n; Field \'menu_name\' doesn\'t have a default value; nested exception is java.sql.SQLException: Field \'menu_name\' doesn\'t have a default value', '2020-11-25 12:48:11'), ('167', '菜单管理', '1', 'com.huayi.web.controller.system.SysMenuController.addSave()', '1', 'admin', '研发部门', '/api/biz/menu/add', '127.0.0.1', '内网IP', '{ }', '1', '\n### Error updating database.  Cause: java.sql.SQLException: Field \'menu_name\' doesn\'t have a default value\n### The error may involve com.huayi.system.mapper.SysMenuMapper.insertMenu-Inline\n### The error occurred while setting parameters\n### SQL: insert into sys_menu(                                                                  create_by,      create_time    )values(                                                                  ?,      sysdate()    )\n### Cause: java.sql.SQLException: Field \'menu_name\' doesn\'t have a default value\n; Field \'menu_name\' doesn\'t have a default value; nested exception is java.sql.SQLException: Field \'menu_name\' doesn\'t have a default value', '2020-11-25 12:48:11'), ('168', '菜单管理', '1', 'com.huayi.web.controller.system.SysMenuController.addSave()', '1', 'admin', '研发部门', '/api/biz/menu/add', '127.0.0.1', '内网IP', '{ }', '1', '\n### Error updating database.  Cause: java.sql.SQLException: Field \'menu_name\' doesn\'t have a default value\n### The error may involve com.huayi.system.mapper.SysMenuMapper.insertMenu-Inline\n### The error occurred while setting parameters\n### SQL: insert into sys_menu(                                                                  create_by,      create_time    )values(                                                                  ?,      sysdate()    )\n### Cause: java.sql.SQLException: Field \'menu_name\' doesn\'t have a default value\n; Field \'menu_name\' doesn\'t have a default value; nested exception is java.sql.SQLException: Field \'menu_name\' doesn\'t have a default value', '2020-11-25 12:48:11'), ('169', '菜单管理', '1', 'com.huayi.web.controller.system.SysMenuController.addSave()', '1', 'admin', '研发部门', '/api/biz/menu/add', '127.0.0.1', '内网IP', '{ }', '1', '\n### Error updating database.  Cause: java.sql.SQLException: Field \'menu_name\' doesn\'t have a default value\n### The error may involve com.huayi.system.mapper.SysMenuMapper.insertMenu-Inline\n### The error occurred while setting parameters\n### SQL: insert into sys_menu(                                                                  create_by,      create_time    )values(                                                                  ?,      sysdate()    )\n### Cause: java.sql.SQLException: Field \'menu_name\' doesn\'t have a default value\n; Field \'menu_name\' doesn\'t have a default value; nested exception is java.sql.SQLException: Field \'menu_name\' doesn\'t have a default value', '2020-11-25 12:49:16'), ('170', '菜单管理', '1', 'com.huayi.web.controller.system.SysMenuController.addSave()', '1', 'admin', '研发部门', '/api/biz/menu/add', '127.0.0.1', '内网IP', '{ }', '1', '\n### Error updating database.  Cause: java.sql.SQLException: Field \'menu_name\' doesn\'t have a default value\n### The error may involve com.huayi.system.mapper.SysMenuMapper.insertMenu-Inline\n### The error occurred while setting parameters\n### SQL: insert into sys_menu(                                                                  create_by,      create_time    )values(                                                                  ?,      sysdate()    )\n### Cause: java.sql.SQLException: Field \'menu_name\' doesn\'t have a default value\n; Field \'menu_name\' doesn\'t have a default value; nested exception is java.sql.SQLException: Field \'menu_name\' doesn\'t have a default value', '2020-11-25 12:49:17'), ('171', '菜单管理', '1', 'com.huayi.web.controller.system.SysMenuController.addSave()', '1', 'admin', '研发部门', '/api/biz/menu/add', '127.0.0.1', '内网IP', '{ }', '1', '\n### Error updating database.  Cause: java.sql.SQLException: Field \'menu_name\' doesn\'t have a default value\n### The error may involve com.huayi.system.mapper.SysMenuMapper.insertMenu-Inline\n### The error occurred while setting parameters\n### SQL: insert into sys_menu(                                                                  create_by,      create_time    )values(                                                                  ?,      sysdate()    )\n### Cause: java.sql.SQLException: Field \'menu_name\' doesn\'t have a default value\n; Field \'menu_name\' doesn\'t have a default value; nested exception is java.sql.SQLException: Field \'menu_name\' doesn\'t have a default value', '2020-11-25 12:49:18'), ('172', '菜单管理', '1', 'com.huayi.web.controller.system.SysMenuController.addSave()', '1', 'admin', '研发部门', '/api/biz/menu/add', '127.0.0.1', '内网IP', '{ }', '1', '\n### Error updating database.  Cause: java.sql.SQLException: Field \'menu_name\' doesn\'t have a default value\n### The error may involve com.huayi.system.mapper.SysMenuMapper.insertMenu-Inline\n### The error occurred while setting parameters\n### SQL: insert into sys_menu(                                                                  create_by,      create_time    )values(                                                                  ?,      sysdate()    )\n### Cause: java.sql.SQLException: Field \'menu_name\' doesn\'t have a default value\n; Field \'menu_name\' doesn\'t have a default value; nested exception is java.sql.SQLException: Field \'menu_name\' doesn\'t have a default value', '2020-11-25 12:49:18'), ('173', '菜单管理', '1', 'com.huayi.web.controller.system.SysMenuController.addSave()', '1', 'admin', '研发部门', '/api/biz/menu/add', '127.0.0.1', '内网IP', '{ }', '1', '\n### Error updating database.  Cause: java.sql.SQLException: Field \'menu_name\' doesn\'t have a default value\n### The error may involve com.huayi.system.mapper.SysMenuMapper.insertMenu-Inline\n### The error occurred while setting parameters\n### SQL: insert into sys_menu(                                                                  create_by,      create_time    )values(                                                                  ?,      sysdate()    )\n### Cause: java.sql.SQLException: Field \'menu_name\' doesn\'t have a default value\n; Field \'menu_name\' doesn\'t have a default value; nested exception is java.sql.SQLException: Field \'menu_name\' doesn\'t have a default value', '2020-11-25 12:49:18'), ('174', '菜单管理', '1', 'com.huayi.web.controller.system.SysMenuController.addSave()', '1', 'admin', '研发部门', '/api/biz/menu/add', '127.0.0.1', '内网IP', '{ }', '1', '\n### Error updating database.  Cause: java.sql.SQLException: Field \'menu_name\' doesn\'t have a default value\n### The error may involve com.huayi.system.mapper.SysMenuMapper.insertMenu-Inline\n### The error occurred while setting parameters\n### SQL: insert into sys_menu(                                                                  create_by,      create_time    )values(                                                                  ?,      sysdate()    )\n### Cause: java.sql.SQLException: Field \'menu_name\' doesn\'t have a default value\n; Field \'menu_name\' doesn\'t have a default value; nested exception is java.sql.SQLException: Field \'menu_name\' doesn\'t have a default value', '2020-11-25 12:49:19'), ('175', '菜单管理', '1', 'com.huayi.web.controller.system.SysMenuController.addSave()', '1', 'admin', '研发部门', '/api/biz/menu/add', '127.0.0.1', '内网IP', '{ }', '1', '\n### Error updating database.  Cause: java.sql.SQLException: Field \'menu_name\' doesn\'t have a default value\n### The error may involve com.huayi.system.mapper.SysMenuMapper.insertMenu-Inline\n### The error occurred while setting parameters\n### SQL: insert into sys_menu(                                                                  create_by,      create_time    )values(                                                                  ?,      sysdate()    )\n### Cause: java.sql.SQLException: Field \'menu_name\' doesn\'t have a default value\n; Field \'menu_name\' doesn\'t have a default value; nested exception is java.sql.SQLException: Field \'menu_name\' doesn\'t have a default value', '2020-11-25 12:49:19'), ('176', '菜单管理', '1', 'com.huayi.web.controller.system.SysMenuController.addSave()', '1', 'admin', '研发部门', '/api/biz/menu/add', '127.0.0.1', '内网IP', '{ }', '1', '\n### Error updating database.  Cause: java.sql.SQLException: Field \'menu_name\' doesn\'t have a default value\n### The error may involve com.huayi.system.mapper.SysMenuMapper.insertMenu-Inline\n### The error occurred while setting parameters\n### SQL: insert into sys_menu(                                                                  create_by,      create_time    )values(                                                                  ?,      sysdate()    )\n### Cause: java.sql.SQLException: Field \'menu_name\' doesn\'t have a default value\n; Field \'menu_name\' doesn\'t have a default value; nested exception is java.sql.SQLException: Field \'menu_name\' doesn\'t have a default value', '2020-11-25 12:49:19'), ('177', '菜单管理', '1', 'com.huayi.web.controller.system.SysMenuController.addSave()', '1', 'admin', '研发部门', '/api/biz/menu/add', '127.0.0.1', '内网IP', '{ }', '1', '\n### Error updating database.  Cause: java.sql.SQLException: Field \'menu_name\' doesn\'t have a default value\n### The error may involve com.huayi.system.mapper.SysMenuMapper.insertMenu-Inline\n### The error occurred while setting parameters\n### SQL: insert into sys_menu(                                                                  create_by,      create_time    )values(                                                                  ?,      sysdate()    )\n### Cause: java.sql.SQLException: Field \'menu_name\' doesn\'t have a default value\n; Field \'menu_name\' doesn\'t have a default value; nested exception is java.sql.SQLException: Field \'menu_name\' doesn\'t have a default value', '2020-11-25 12:49:19'), ('178', '菜单管理', '1', 'com.huayi.web.controller.system.SysMenuController.addSave()', '1', 'admin', '研发部门', '/api/biz/menu/add', '127.0.0.1', '内网IP', '{ }', '1', '\n### Error updating database.  Cause: java.sql.SQLException: Field \'menu_name\' doesn\'t have a default value\n### The error may involve com.huayi.system.mapper.SysMenuMapper.insertMenu-Inline\n### The error occurred while setting parameters\n### SQL: insert into sys_menu(                                                                  create_by,      create_time    )values(                                                                  ?,      sysdate()    )\n### Cause: java.sql.SQLException: Field \'menu_name\' doesn\'t have a default value\n; Field \'menu_name\' doesn\'t have a default value; nested exception is java.sql.SQLException: Field \'menu_name\' doesn\'t have a default value', '2020-11-25 12:49:20'), ('179', '菜单管理', '1', 'com.huayi.web.controller.system.SysMenuController.addSave()', '1', 'admin', '研发部门', '/api/biz/menu/add', '127.0.0.1', '内网IP', '{ }', '1', '\n### Error updating database.  Cause: java.sql.SQLException: Field \'menu_name\' doesn\'t have a default value\n### The error may involve com.huayi.system.mapper.SysMenuMapper.insertMenu-Inline\n### The error occurred while setting parameters\n### SQL: insert into sys_menu(                                                                  create_by,      create_time    )values(                                                                  ?,      sysdate()    )\n### Cause: java.sql.SQLException: Field \'menu_name\' doesn\'t have a default value\n; Field \'menu_name\' doesn\'t have a default value; nested exception is java.sql.SQLException: Field \'menu_name\' doesn\'t have a default value', '2020-11-25 12:49:24'), ('180', '菜单管理', '1', 'com.huayi.web.controller.system.SysMenuController.addSave()', '1', 'admin', '研发部门', '/api/biz/menu/add', '127.0.0.1', '内网IP', '{ }', '1', '\n### Error updating database.  Cause: java.sql.SQLException: Field \'menu_name\' doesn\'t have a default value\n### The error may involve com.huayi.system.mapper.SysMenuMapper.insertMenu-Inline\n### The error occurred while setting parameters\n### SQL: insert into sys_menu(                                                                  create_by,      create_time    )values(                                                                  ?,      sysdate()    )\n### Cause: java.sql.SQLException: Field \'menu_name\' doesn\'t have a default value\n; Field \'menu_name\' doesn\'t have a default value; nested exception is java.sql.SQLException: Field \'menu_name\' doesn\'t have a default value', '2020-11-25 12:49:24'), ('181', '菜单管理', '1', 'com.huayi.web.controller.system.SysMenuController.addSave()', '1', 'admin', '研发部门', '/api/biz/menu/add', '127.0.0.1', '内网IP', '{ }', '1', '\n### Error updating database.  Cause: java.sql.SQLException: Field \'menu_name\' doesn\'t have a default value\n### The error may involve com.huayi.system.mapper.SysMenuMapper.insertMenu-Inline\n### The error occurred while setting parameters\n### SQL: insert into sys_menu(                                                                  create_by,      create_time    )values(                                                                  ?,      sysdate()    )\n### Cause: java.sql.SQLException: Field \'menu_name\' doesn\'t have a default value\n; Field \'menu_name\' doesn\'t have a default value; nested exception is java.sql.SQLException: Field \'menu_name\' doesn\'t have a default value', '2020-11-25 12:49:24'), ('182', '菜单管理', '1', 'com.huayi.web.controller.system.SysMenuController.addSave()', '1', 'admin', '研发部门', '/api/biz/menu/add', '127.0.0.1', '内网IP', '{ }', '1', '\n### Error updating database.  Cause: java.sql.SQLException: Field \'menu_name\' doesn\'t have a default value\n### The error may involve com.huayi.system.mapper.SysMenuMapper.insertMenu-Inline\n### The error occurred while setting parameters\n### SQL: insert into sys_menu(                                                                  create_by,      create_time    )values(                                                                  ?,      sysdate()    )\n### Cause: java.sql.SQLException: Field \'menu_name\' doesn\'t have a default value\n; Field \'menu_name\' doesn\'t have a default value; nested exception is java.sql.SQLException: Field \'menu_name\' doesn\'t have a default value', '2020-11-25 12:49:24'), ('183', '菜单管理', '1', 'com.huayi.web.controller.system.SysMenuController.addSave()', '1', 'admin', '研发部门', '/api/biz/menu/add', '127.0.0.1', '内网IP', '{ }', '1', '\n### Error updating database.  Cause: java.sql.SQLException: Field \'menu_name\' doesn\'t have a default value\n### The error may involve com.huayi.system.mapper.SysMenuMapper.insertMenu-Inline\n### The error occurred while setting parameters\n### SQL: insert into sys_menu(                                                                  create_by,      create_time    )values(                                                                  ?,      sysdate()    )\n### Cause: java.sql.SQLException: Field \'menu_name\' doesn\'t have a default value\n; Field \'menu_name\' doesn\'t have a default value; nested exception is java.sql.SQLException: Field \'menu_name\' doesn\'t have a default value', '2020-11-25 12:49:25'), ('184', '菜单管理', '1', 'com.huayi.web.controller.system.SysMenuController.addSave()', '1', 'admin', '研发部门', '/api/biz/menu/add', '127.0.0.1', '内网IP', '{ }', '1', '\n### Error updating database.  Cause: java.sql.SQLException: Field \'menu_name\' doesn\'t have a default value\n### The error may involve com.huayi.system.mapper.SysMenuMapper.insertMenu-Inline\n### The error occurred while setting parameters\n### SQL: insert into sys_menu(                                                                  create_by,      create_time    )values(                                                                  ?,      sysdate()    )\n### Cause: java.sql.SQLException: Field \'menu_name\' doesn\'t have a default value\n; Field \'menu_name\' doesn\'t have a default value; nested exception is java.sql.SQLException: Field \'menu_name\' doesn\'t have a default value', '2020-11-25 12:49:25'), ('185', '菜单管理', '1', 'com.huayi.web.controller.system.SysMenuController.addSave()', '1', 'admin', '研发部门', '/api/biz/menu/add', '127.0.0.1', '内网IP', '{ }', '1', '\n### Error updating database.  Cause: java.sql.SQLException: Field \'menu_name\' doesn\'t have a default value\n### The error may involve com.huayi.system.mapper.SysMenuMapper.insertMenu-Inline\n### The error occurred while setting parameters\n### SQL: insert into sys_menu(                                                                  create_by,      create_time    )values(                                                                  ?,      sysdate()    )\n### Cause: java.sql.SQLException: Field \'menu_name\' doesn\'t have a default value\n; Field \'menu_name\' doesn\'t have a default value; nested exception is java.sql.SQLException: Field \'menu_name\' doesn\'t have a default value', '2020-11-25 12:49:25'), ('186', '菜单管理', '1', 'com.huayi.web.controller.system.SysMenuController.addSave()', '1', 'admin', '研发部门', '/api/biz/menu/add', '127.0.0.1', '内网IP', '{ }', '1', '\n### Error updating database.  Cause: java.sql.SQLException: Field \'menu_name\' doesn\'t have a default value\n### The error may involve com.huayi.system.mapper.SysMenuMapper.insertMenu-Inline\n### The error occurred while setting parameters\n### SQL: insert into sys_menu(                                                                  create_by,      create_time    )values(                                                                  ?,      sysdate()    )\n### Cause: java.sql.SQLException: Field \'menu_name\' doesn\'t have a default value\n; Field \'menu_name\' doesn\'t have a default value; nested exception is java.sql.SQLException: Field \'menu_name\' doesn\'t have a default value', '2020-11-25 12:49:25'), ('187', '菜单管理', '1', 'com.huayi.web.controller.system.SysMenuController.addSave()', '1', 'admin', '研发部门', '/api/biz/menu/add', '127.0.0.1', '内网IP', '{ }', '1', '\n### Error updating database.  Cause: java.sql.SQLException: Field \'menu_name\' doesn\'t have a default value\n### The error may involve com.huayi.system.mapper.SysMenuMapper.insertMenu-Inline\n### The error occurred while setting parameters\n### SQL: insert into sys_menu(                                                                  create_by,      create_time    )values(                                                                  ?,      sysdate()    )\n### Cause: java.sql.SQLException: Field \'menu_name\' doesn\'t have a default value\n; Field \'menu_name\' doesn\'t have a default value; nested exception is java.sql.SQLException: Field \'menu_name\' doesn\'t have a default value', '2020-11-25 12:49:25'), ('188', '菜单管理', '1', 'com.huayi.web.controller.system.SysMenuController.addSave()', '1', 'admin', '研发部门', '/api/biz/menu/add', '127.0.0.1', '内网IP', '{ }', '1', '\n### Error updating database.  Cause: java.sql.SQLException: Field \'menu_name\' doesn\'t have a default value\n### The error may involve com.huayi.system.mapper.SysMenuMapper.insertMenu-Inline\n### The error occurred while setting parameters\n### SQL: insert into sys_menu(                                                                  create_by,      create_time    )values(                                                                  ?,      sysdate()    )\n### Cause: java.sql.SQLException: Field \'menu_name\' doesn\'t have a default value\n; Field \'menu_name\' doesn\'t have a default value; nested exception is java.sql.SQLException: Field \'menu_name\' doesn\'t have a default value', '2020-11-25 12:49:26'), ('189', '菜单管理', '1', 'com.huayi.web.controller.system.SysMenuController.addSave()', '1', 'admin', '研发部门', '/api/biz/menu/add', '127.0.0.1', '内网IP', '{ }', '1', '\n### Error updating database.  Cause: java.sql.SQLException: Field \'menu_name\' doesn\'t have a default value\n### The error may involve com.huayi.system.mapper.SysMenuMapper.insertMenu-Inline\n### The error occurred while setting parameters\n### SQL: insert into sys_menu(                                                                  create_by,      create_time    )values(                                                                  ?,      sysdate()    )\n### Cause: java.sql.SQLException: Field \'menu_name\' doesn\'t have a default value\n; Field \'menu_name\' doesn\'t have a default value; nested exception is java.sql.SQLException: Field \'menu_name\' doesn\'t have a default value', '2020-11-25 12:49:37'), ('190', '菜单管理', '1', 'com.huayi.web.controller.system.SysMenuController.addSave()', '1', 'admin', '研发部门', '/api/biz/menu/add', '127.0.0.1', '内网IP', '{ }', '1', '\n### Error updating database.  Cause: java.sql.SQLException: Field \'menu_name\' doesn\'t have a default value\n### The error may involve com.huayi.system.mapper.SysMenuMapper.insertMenu-Inline\n### The error occurred while setting parameters\n### SQL: insert into sys_menu(                                                                  create_by,      create_time    )values(                                                                  ?,      sysdate()    )\n### Cause: java.sql.SQLException: Field \'menu_name\' doesn\'t have a default value\n; Field \'menu_name\' doesn\'t have a default value; nested exception is java.sql.SQLException: Field \'menu_name\' doesn\'t have a default value', '2020-11-25 12:51:35'), ('191', '菜单管理', '1', 'com.huayi.web.controller.system.SysMenuController.addSave()', '1', 'admin', '研发部门', '/api/biz/menu/add', '127.0.0.1', '内网IP', '{ }', '1', '\n### Error updating database.  Cause: java.sql.SQLException: Field \'menu_name\' doesn\'t have a default value\n### The error may involve com.huayi.system.mapper.SysMenuMapper.insertMenu-Inline\n### The error occurred while setting parameters\n### SQL: insert into sys_menu(                                                                  create_by,      create_time    )values(                                                                  ?,      sysdate()    )\n### Cause: java.sql.SQLException: Field \'menu_name\' doesn\'t have a default value\n; Field \'menu_name\' doesn\'t have a default value; nested exception is java.sql.SQLException: Field \'menu_name\' doesn\'t have a default value', '2020-11-25 12:51:36'), ('192', '菜单管理', '1', 'com.huayi.web.controller.system.SysMenuController.addSave()', '1', 'admin', '研发部门', '/api/biz/menu/add', '127.0.0.1', '内网IP', '{ }', '1', '\n### Error updating database.  Cause: java.sql.SQLException: Field \'menu_name\' doesn\'t have a default value\n### The error may involve com.huayi.system.mapper.SysMenuMapper.insertMenu-Inline\n### The error occurred while setting parameters\n### SQL: insert into sys_menu(                                                                  create_by,      create_time    )values(                                                                  ?,      sysdate()    )\n### Cause: java.sql.SQLException: Field \'menu_name\' doesn\'t have a default value\n; Field \'menu_name\' doesn\'t have a default value; nested exception is java.sql.SQLException: Field \'menu_name\' doesn\'t have a default value', '2020-11-25 12:51:42'), ('193', '菜单管理', '1', 'com.huayi.web.controller.system.SysMenuController.addSave()', '1', 'admin', '研发部门', '/api/biz/menu/add', '127.0.0.1', '内网IP', '{ }', '1', '\n### Error updating database.  Cause: java.sql.SQLException: Field \'menu_name\' doesn\'t have a default value\n### The error may involve com.huayi.system.mapper.SysMenuMapper.insertMenu-Inline\n### The error occurred while setting parameters\n### SQL: insert into sys_menu(                                                                  create_by,      create_time    )values(                                                                  ?,      sysdate()    )\n### Cause: java.sql.SQLException: Field \'menu_name\' doesn\'t have a default value\n; Field \'menu_name\' doesn\'t have a default value; nested exception is java.sql.SQLException: Field \'menu_name\' doesn\'t have a default value', '2020-11-25 12:51:49'), ('194', '菜单管理', '1', 'com.huayi.web.controller.system.SysMenuController.addSave()', '1', 'admin', '研发部门', '/api/biz/menu/add', '127.0.0.1', '内网IP', '{ }', '1', '\n### Error updating database.  Cause: java.sql.SQLException: Field \'menu_name\' doesn\'t have a default value\n### The error may involve com.huayi.system.mapper.SysMenuMapper.insertMenu-Inline\n### The error occurred while setting parameters\n### SQL: insert into sys_menu(                                                                  create_by,      create_time    )values(                                                                  ?,      sysdate()    )\n### Cause: java.sql.SQLException: Field \'menu_name\' doesn\'t have a default value\n; Field \'menu_name\' doesn\'t have a default value; nested exception is java.sql.SQLException: Field \'menu_name\' doesn\'t have a default value', '2020-11-25 12:52:28'), ('195', '菜单管理', '1', 'com.huayi.web.controller.system.SysMenuController.addSave()', '1', 'admin', '研发部门', '/api/biz/menu/add', '127.0.0.1', '内网IP', '{ }', '1', '\n### Error updating database.  Cause: java.sql.SQLException: Field \'menu_name\' doesn\'t have a default value\n### The error may involve com.huayi.system.mapper.SysMenuMapper.insertMenu-Inline\n### The error occurred while setting parameters\n### SQL: insert into sys_menu(                                                                  create_by,      create_time    )values(                                                                  ?,      sysdate()    )\n### Cause: java.sql.SQLException: Field \'menu_name\' doesn\'t have a default value\n; Field \'menu_name\' doesn\'t have a default value; nested exception is java.sql.SQLException: Field \'menu_name\' doesn\'t have a default value', '2020-11-25 12:52:29'), ('196', '菜单管理', '1', 'com.huayi.web.controller.system.SysMenuController.addSave()', '1', 'admin', '研发部门', '/api/biz/menu/add', '127.0.0.1', '内网IP', '{ }', '1', '\n### Error updating database.  Cause: java.sql.SQLException: Field \'menu_name\' doesn\'t have a default value\n### The error may involve com.huayi.system.mapper.SysMenuMapper.insertMenu-Inline\n### The error occurred while setting parameters\n### SQL: insert into sys_menu(                                                                  create_by,      create_time    )values(                                                                  ?,      sysdate()    )\n### Cause: java.sql.SQLException: Field \'menu_name\' doesn\'t have a default value\n; Field \'menu_name\' doesn\'t have a default value; nested exception is java.sql.SQLException: Field \'menu_name\' doesn\'t have a default value', '2020-11-25 12:52:39'), ('197', '菜单管理', '2', 'com.huayi.web.controller.system.SysMenuController.editSave()', '1', 'admin', '研发部门', '/api/biz/menu/edit', '127.0.0.1', '内网IP', '{ }', '0', null, '2020-11-25 12:53:39'), ('198', '菜单管理', '2', 'com.huayi.web.controller.system.SysMenuController.editSave()', '1', 'admin', '研发部门', '/api/biz/menu/edit', '127.0.0.1', '内网IP', '{ }', '0', null, '2020-11-25 12:53:51'), ('199', '菜单管理', '2', 'com.huayi.web.controller.system.SysMenuController.editSave()', '1', 'admin', '研发部门', '/api/biz/menu/edit', '127.0.0.1', '内网IP', '{ }', '0', null, '2020-11-25 12:53:56'), ('200', '菜单管理', '2', 'com.huayi.web.controller.system.SysMenuController.editSave()', '1', 'admin', '研发部门', '/api/biz/menu/edit', '127.0.0.1', '内网IP', '{ }', '0', null, '2020-11-25 12:59:46'), ('201', '菜单管理', '2', 'com.huayi.web.controller.system.SysMenuController.editSave()', '1', 'admin', '研发部门', '/api/biz/menu/edit', '127.0.0.1', '内网IP', '{ }', '1', 'nested exception is org.apache.ibatis.exceptions.PersistenceException: \n### Error updating database.  Cause: java.lang.IllegalArgumentException: invalid comparison: java.time.LocalDateTime and java.lang.String\n### Cause: java.lang.IllegalArgumentException: invalid comparison: java.time.LocalDateTime and java.lang.String', '2020-11-25 13:02:44'), ('202', '菜单管理', '2', 'com.huayi.web.controller.system.SysMenuController.editSave()', '1', 'admin', '研发部门', '/api/biz/menu/edit', '127.0.0.1', '内网IP', '{ }', '0', null, '2020-11-25 13:03:26'), ('203', '菜单管理', '2', 'com.huayi.web.controller.system.SysMenuController.editSave()', '1', 'admin', '研发部门', '/api/biz/menu/edit', '127.0.0.1', '内网IP', '{ }', '0', null, '2020-11-25 13:05:21'), ('204', '菜单管理', '2', 'com.huayi.web.controller.system.SysMenuController.editSave()', '1', 'admin', '研发部门', '/api/biz/menu/edit', '127.0.0.1', '内网IP', '{ }', '0', null, '2020-11-25 13:08:41'), ('205', '菜单管理', '2', 'com.huayi.web.controller.system.SysMenuController.editSave()', '1', 'admin', '研发部门', '/api/biz/menu/edit', '127.0.0.1', '内网IP', '{ }', '0', null, '2020-11-25 13:09:44'), ('206', '菜单管理', '2', 'com.huayi.web.controller.system.SysMenuController.editSave()', '1', 'admin', '研发部门', '/api/biz/menu/edit', '127.0.0.1', '内网IP', '{ }', '0', null, '2020-11-25 13:09:46'), ('207', '菜单管理', '2', 'com.huayi.web.controller.system.SysMenuController.editSave()', '1', 'admin', '研发部门', '/api/biz/menu/edit', '127.0.0.1', '内网IP', '{ }', '0', null, '2020-11-25 13:09:46'), ('208', '菜单管理', '2', 'com.huayi.web.controller.system.SysMenuController.editSave()', '1', 'admin', '研发部门', '/api/biz/menu/edit', '127.0.0.1', '内网IP', '{ }', '0', null, '2020-11-25 13:09:46'), ('209', '菜单管理', '2', 'com.huayi.web.controller.system.SysMenuController.editSave()', '1', 'admin', '研发部门', '/api/biz/menu/edit', '127.0.0.1', '内网IP', '{ }', '0', null, '2020-11-25 13:09:46'), ('210', '菜单管理', '2', 'com.huayi.web.controller.system.SysMenuController.editSave()', '1', 'admin', '研发部门', '/api/biz/menu/edit', '127.0.0.1', '内网IP', '{ }', '0', null, '2020-11-25 13:09:47'), ('211', '菜单管理', '2', 'com.huayi.web.controller.system.SysMenuController.editSave()', '1', 'admin', '研发部门', '/api/biz/menu/edit', '127.0.0.1', '内网IP', '{ }', '0', null, '2020-11-25 13:09:47'), ('212', '菜单管理', '2', 'com.huayi.web.controller.system.SysMenuController.editSave()', '1', 'admin', '研发部门', '/api/biz/menu/edit', '127.0.0.1', '内网IP', '{ }', '0', null, '2020-11-25 13:09:47'), ('213', '菜单管理', '2', 'com.huayi.web.controller.system.SysMenuController.editSave()', '1', 'admin', '研发部门', '/api/biz/menu/edit', '127.0.0.1', '内网IP', '{ }', '0', null, '2020-11-25 13:09:47'), ('214', '菜单管理', '2', 'com.huayi.web.controller.system.SysMenuController.editSave()', '1', 'admin', '研发部门', '/api/biz/menu/edit', '127.0.0.1', '内网IP', '{ }', '0', null, '2020-11-25 13:09:47'), ('215', '菜单管理', '2', 'com.huayi.web.controller.system.SysMenuController.editSave()', '1', 'admin', '研发部门', '/api/biz/menu/edit', '127.0.0.1', '内网IP', '{ }', '0', null, '2020-11-25 13:09:48'), ('216', '菜单管理', '2', 'com.huayi.web.controller.system.SysMenuController.editSave()', '1', 'admin', '研发部门', '/api/biz/menu/edit', '127.0.0.1', '内网IP', '{ }', '0', null, '2020-11-25 13:09:48'), ('217', '菜单管理', '2', 'com.huayi.web.controller.system.SysMenuController.editSave()', '1', 'admin', '研发部门', '/api/biz/menu/edit', '127.0.0.1', '内网IP', '{ }', '0', null, '2020-11-25 13:09:48'), ('218', '菜单管理', '2', 'com.huayi.web.controller.system.SysMenuController.editSave()', '1', 'admin', '研发部门', '/api/biz/menu/edit', '127.0.0.1', '内网IP', '{ }', '0', null, '2020-11-25 13:09:48'), ('219', '菜单管理', '2', 'com.huayi.web.controller.system.SysMenuController.editSave()', '1', 'admin', '研发部门', '/api/biz/menu/edit', '127.0.0.1', '内网IP', '{ }', '0', null, '2020-11-25 13:09:48'), ('220', '菜单管理', '2', 'com.huayi.web.controller.system.SysMenuController.editSave()', '1', 'admin', '研发部门', '/api/biz/menu/edit', '127.0.0.1', '内网IP', '{ }', '0', null, '2020-11-25 13:09:49'), ('221', '菜单管理', '2', 'com.huayi.web.controller.system.SysMenuController.editSave()', '1', 'admin', '研发部门', '/api/biz/menu/edit', '127.0.0.1', '内网IP', '{ }', '0', null, '2020-11-25 13:09:49'), ('222', '菜单管理', '2', 'com.huayi.web.controller.system.SysMenuController.editSave()', '1', 'admin', '研发部门', '/api/biz/menu/edit', '127.0.0.1', '内网IP', '{ }', '0', null, '2020-11-25 13:09:49'), ('223', '菜单管理', '2', 'com.huayi.web.controller.system.SysMenuController.editSave()', '1', 'admin', '研发部门', '/api/biz/menu/edit', '127.0.0.1', '内网IP', '{ }', '0', null, '2020-11-25 13:09:49'), ('224', '菜单管理', '2', 'com.huayi.web.controller.system.SysMenuController.editSave()', '1', 'admin', '研发部门', '/api/biz/menu/edit', '127.0.0.1', '内网IP', '{ }', '0', null, '2020-11-25 13:09:53'), ('225', '菜单管理', '1', 'com.huayi.web.controller.system.SysMenuController.addSave()', '1', 'admin', '研发部门', '/api/biz/menu/add', '127.0.0.1', '内网IP', '{ }', '0', null, '2020-11-25 14:58:01'), ('226', '菜单管理', '3', 'com.huayi.web.controller.system.SysMenuController.remove()', '1', 'admin', '研发部门', '/api/biz/menu/remove/2000', '127.0.0.1', '内网IP', '{ }', '0', null, '2020-11-25 15:05:54'), ('227', '菜单管理', '1', 'com.huayi.web.controller.system.SysMenuController.addSave()', '1', 'admin', '研发部门', '/api/biz/menu/add', '127.0.0.1', '内网IP', '{ }', '0', null, '2020-11-25 15:11:24'), ('228', '菜单管理', '1', 'com.huayi.web.controller.system.SysMenuController.addSave()', '1', 'admin', '研发部门', '/api/biz/menu/add', '127.0.0.1', '内网IP', '{ }', '0', null, '2020-11-25 15:11:48'), ('229', '菜单管理', '1', 'com.huayi.web.controller.system.SysMenuController.addSave()', '1', 'admin', '研发部门', '/api/biz/menu/add', '127.0.0.1', '内网IP', '{ }', '0', null, '2020-11-25 15:15:41'), ('230', '菜单管理', '2', 'com.huayi.web.controller.system.SysMenuController.editSave()', '1', 'admin', '研发部门', '/api/biz/menu/edit', '127.0.0.1', '内网IP', '{ }', '0', null, '2020-11-25 15:15:56'), ('231', '菜单管理', '2', 'com.huayi.web.controller.system.SysMenuController.editSave()', '1', 'admin', '研发部门', '/api/biz/menu/edit', '127.0.0.1', '内网IP', '{ }', '0', null, '2020-11-25 15:16:17'), ('232', '菜单管理', '2', 'com.huayi.web.controller.system.SysMenuController.editSave()', '1', 'admin', '研发部门', '/api/biz/menu/edit', '127.0.0.1', '内网IP', '{ }', '0', null, '2020-11-25 15:17:08'), ('233', '菜单管理', '1', 'com.huayi.web.controller.system.SysMenuController.addSave()', '1', 'admin', '研发部门', '/api/biz/menu/add', '127.0.0.1', '内网IP', '{ }', '0', null, '2020-11-25 15:17:30'), ('234', '菜单管理', '3', 'com.huayi.web.controller.system.SysMenuController.remove()', '1', 'admin', '研发部门', '/api/biz/menu/remove/2004', '127.0.0.1', '内网IP', '{ }', '0', null, '2020-11-25 16:10:12'), ('235', '菜单管理', '3', 'com.huayi.web.controller.system.SysMenuController.remove()', '1', 'admin', '研发部门', '/api/biz/menu/remove/2003', '127.0.0.1', '内网IP', '{ }', '0', null, '2020-11-25 16:10:19'), ('236', '菜单管理', '3', 'com.huayi.web.controller.system.SysMenuController.remove()', '1', 'admin', '研发部门', '/api/biz/menu/remove/2002', '127.0.0.1', '内网IP', '{ }', '0', null, '2020-11-25 16:10:28');
INSERT INTO `sys_oper_log` VALUES ('237', '菜单管理', '3', 'com.huayi.web.controller.system.SysMenuController.remove()', '1', 'admin', '研发部门', '/api/biz/menu/remove/2001', '127.0.0.1', '内网IP', '{ }', '0', null, '2020-11-25 16:10:31'), ('238', '菜单管理', '3', 'com.huayi.web.controller.system.SysMenuController.remove()', '1', 'admin', '研发部门', '/api/biz/menu/remove/113', '127.0.0.1', '内网IP', '{ }', '0', null, '2020-11-25 16:10:36'), ('239', '菜单管理', '3', 'com.huayi.web.controller.system.SysMenuController.remove()', '1', 'admin', '研发部门', '/api/biz/menu/remove/113', '127.0.0.1', '内网IP', '{ }', '0', null, '2020-11-25 16:10:40'), ('240', '菜单管理', '3', 'com.huayi.web.controller.system.SysMenuController.remove()', '1', 'admin', '研发部门', '/api/biz/menu/remove/113', '127.0.0.1', '内网IP', '{ }', '0', null, '2020-11-25 16:11:01'), ('241', '菜单管理', '3', 'com.huayi.web.controller.system.SysMenuController.remove()', '1', 'admin', '研发部门', '/api/biz/menu/remove/1057', '127.0.0.1', '内网IP', '{ }', '0', null, '2020-11-25 16:11:12'), ('242', '菜单管理', '3', 'com.huayi.web.controller.system.SysMenuController.remove()', '1', 'admin', '研发部门', '/api/biz/menu/remove/1056', '127.0.0.1', '内网IP', '{ }', '0', null, '2020-11-25 16:11:18'), ('243', '菜单管理', '3', 'com.huayi.web.controller.system.SysMenuController.remove()', '1', 'admin', '研发部门', '/api/biz/menu/remove/1056', '127.0.0.1', '内网IP', '{ }', '0', null, '2020-11-25 16:11:32'), ('244', '菜单管理', '3', 'com.huayi.web.controller.system.SysMenuController.remove()', '1', 'admin', '研发部门', '/api/biz/menu/remove/1056', '127.0.0.1', '内网IP', '{ }', '0', null, '2020-11-25 16:12:10'), ('245', '菜单管理', '3', 'com.huayi.web.controller.system.SysMenuController.remove()', '1', 'admin', '研发部门', '/api/biz/menu/remove/1057', '127.0.0.1', '内网IP', '{ }', '1', 'java.lang.Long cannot be cast to java.lang.Integer', '2020-11-25 16:14:17'), ('246', '菜单管理', '3', 'com.huayi.web.controller.system.SysMenuController.remove()', '1', 'admin', '研发部门', '/api/biz/menu/remove/1056', '127.0.0.1', '内网IP', '{ }', '1', 'java.lang.Long cannot be cast to java.lang.Integer', '2020-11-25 16:17:24'), ('247', '菜单管理', '3', 'com.huayi.web.controller.system.SysMenuController.remove()', '1', 'admin', '研发部门', '/api/biz/menu/remove/1056', '127.0.0.1', '内网IP', '{ }', '1', 'java.lang.Long cannot be cast to java.lang.Integer', '2020-11-25 16:17:28'), ('248', '菜单管理', '3', 'com.huayi.web.controller.system.SysMenuController.remove()', '1', 'admin', '研发部门', '/api/biz/menu/remove/1056', '127.0.0.1', '内网IP', '{ }', '1', 'java.lang.Long cannot be cast to java.lang.Integer', '2020-11-25 16:18:42'), ('249', '菜单管理', '3', 'com.huayi.web.controller.system.SysMenuController.remove()', '1', 'admin', '研发部门', '/api/biz/menu/remove/1057', '127.0.0.1', '内网IP', '{ }', '1', 'java.lang.Long cannot be cast to java.lang.Integer', '2020-11-25 16:25:02'), ('250', '菜单管理', '3', 'com.huayi.web.controller.system.SysMenuController.remove()', '1', 'admin', '研发部门', '/api/biz/menu/remove/1056', '127.0.0.1', '内网IP', '{ }', '1', 'nested exception is org.apache.ibatis.reflection.ReflectionException: There is no getter for property named \'menuId\' in \'class com.huayi.system.condition.system.SysRoleMenuCondition\'', '2020-11-25 16:26:40'), ('251', '菜单管理', '3', 'com.huayi.web.controller.system.SysMenuController.remove()', '1', 'admin', '研发部门', '/api/biz/menu/remove/1056', '127.0.0.1', '内网IP', '{ }', '0', null, '2020-11-25 16:27:41'), ('252', '菜单管理', '3', 'com.huayi.web.controller.system.SysMenuController.remove()', '1', 'admin', '研发部门', '/api/biz/menu/remove/1057', '127.0.0.1', '内网IP', '{ }', '0', null, '2020-11-25 16:27:47'), ('253', '菜单管理', '3', 'com.huayi.web.controller.system.SysMenuController.remove()', '1', 'admin', '研发部门', '/api/biz/menu/remove/114', '127.0.0.1', '内网IP', '{ }', '0', null, '2020-11-25 16:27:51'), ('254', '菜单管理', '3', 'com.huayi.web.controller.system.SysMenuController.remove()', '1', 'admin', '研发部门', '/api/biz/menu/remove/113', '127.0.0.1', '内网IP', '{ }', '0', null, '2020-11-25 16:27:54'), ('255', '菜单管理', '3', 'com.huayi.web.controller.system.SysMenuController.remove()', '1', 'admin', '研发部门', '/api/biz/menu/remove/115', '127.0.0.1', '内网IP', '{ }', '0', null, '2020-11-25 16:27:57'), ('256', '菜单管理', '3', 'com.huayi.web.controller.system.SysMenuController.remove()', '1', 'admin', '研发部门', '/api/biz/menu/remove/3', '127.0.0.1', '内网IP', '{ }', '0', null, '2020-11-25 16:28:01'), ('257', '菜单管理', '3', 'com.huayi.web.controller.system.SysMenuController.remove()', '1', 'admin', '研发部门', '/api/biz/menu/remove/1048', '127.0.0.1', '内网IP', '{ }', '0', null, '2020-11-25 16:28:09'), ('258', '菜单管理', '3', 'com.huayi.web.controller.system.SysMenuController.remove()', '1', 'admin', '研发部门', '/api/biz/menu/remove/1047', '127.0.0.1', '内网IP', '{ }', '0', null, '2020-11-25 16:28:12'), ('259', '菜单管理', '3', 'com.huayi.web.controller.system.SysMenuController.remove()', '1', 'admin', '研发部门', '/api/biz/menu/remove/1046', '127.0.0.1', '内网IP', '{ }', '0', null, '2020-11-25 16:28:14'), ('260', '菜单管理', '3', 'com.huayi.web.controller.system.SysMenuController.remove()', '1', 'admin', '研发部门', '/api/biz/menu/remove/109', '127.0.0.1', '内网IP', '{ }', '0', null, '2020-11-25 16:28:17'), ('261', '菜单管理', '3', 'com.huayi.web.controller.system.SysMenuController.remove()', '1', 'admin', '研发部门', '/api/biz/menu/remove/111', '127.0.0.1', '内网IP', '{ }', '0', null, '2020-11-25 16:28:27'), ('262', '菜单管理', '3', 'com.huayi.web.controller.system.SysMenuController.remove()', '1', 'admin', '研发部门', '/api/biz/menu/remove/1034', '127.0.0.1', '内网IP', '{ }', '0', null, '2020-11-25 16:28:38'), ('263', '菜单管理', '3', 'com.huayi.web.controller.system.SysMenuController.remove()', '1', 'admin', '研发部门', '/api/biz/menu/remove/1033', '127.0.0.1', '内网IP', '{ }', '0', null, '2020-11-25 16:28:40'), ('264', '菜单管理', '3', 'com.huayi.web.controller.system.SysMenuController.remove()', '1', 'admin', '研发部门', '/api/biz/menu/remove/1032', '127.0.0.1', '内网IP', '{ }', '0', null, '2020-11-25 16:28:43'), ('265', '菜单管理', '3', 'com.huayi.web.controller.system.SysMenuController.remove()', '1', 'admin', '研发部门', '/api/biz/menu/remove/1031', '127.0.0.1', '内网IP', '{ }', '0', null, '2020-11-25 16:28:45'), ('266', '菜单管理', '3', 'com.huayi.web.controller.system.SysMenuController.remove()', '1', 'admin', '研发部门', '/api/biz/menu/remove/1030', '127.0.0.1', '内网IP', '{ }', '0', null, '2020-11-25 16:28:48'), ('267', '菜单管理', '3', 'com.huayi.web.controller.system.SysMenuController.remove()', '1', 'admin', '研发部门', '/api/biz/menu/remove/106', '127.0.0.1', '内网IP', '{ }', '0', null, '2020-11-25 16:28:51');
COMMIT;

-- ----------------------------
--  Table structure for `sys_post`
-- ----------------------------
DROP TABLE IF EXISTS `sys_post`;
CREATE TABLE `sys_post` (
  `post_id` int NOT NULL AUTO_INCREMENT COMMENT '岗位ID',
  `post_code` varchar(64) NOT NULL COMMENT '岗位编码',
  `post_name` varchar(50) NOT NULL COMMENT '岗位名称',
  `post_sort` int NOT NULL COMMENT '显示顺序',
  `status` char(1) NOT NULL COMMENT '状态（0正常 1停用）',
  `create_by` varchar(64) DEFAULT '' COMMENT '创建者',
  `create_time` datetime DEFAULT NULL COMMENT '创建时间',
  `update_by` varchar(64) DEFAULT '' COMMENT '更新者',
  `update_time` datetime DEFAULT NULL COMMENT '更新时间',
  `remark` varchar(500) DEFAULT NULL COMMENT '备注',
  `company_id` bigint DEFAULT '0' COMMENT '机构ID',
  PRIMARY KEY (`post_id`)
) ENGINE=InnoDB AUTO_INCREMENT=5 DEFAULT CHARSET=utf8 COMMENT='岗位信息表';

-- ----------------------------
--  Records of `sys_post`
-- ----------------------------
BEGIN;
INSERT INTO `sys_post` VALUES ('1', 'ceo', '董事长', '1', '0', 'admin', '2018-03-16 11:33:00', 'ry', '2018-03-16 11:33:00', '', '0'), ('2', 'se', '项目经理', '2', '0', 'admin', '2018-03-16 11:33:00', 'ry', '2018-03-16 11:33:00', '', '0'), ('3', 'hr', '人力资源', '3', '0', 'admin', '2018-03-16 11:33:00', 'ry', '2018-03-16 11:33:00', '', '0'), ('4', 'user', '普通员工', '4', '0', 'admin', '2018-03-16 11:33:00', 'ry', '2018-03-16 11:33:00', '', '0');
COMMIT;

-- ----------------------------
--  Table structure for `sys_role`
-- ----------------------------
DROP TABLE IF EXISTS `sys_role`;
CREATE TABLE `sys_role` (
  `role_id` bigint NOT NULL AUTO_INCREMENT COMMENT '角色ID',
  `role_name` varchar(30) NOT NULL COMMENT '角色名称',
  `role_key` varchar(100) NOT NULL COMMENT '角色权限字符串',
  `role_sort` int NOT NULL COMMENT '显示顺序',
  `data_scope` char(1) DEFAULT '1' COMMENT '数据范围（1：全部数据权限 2：自定数据权限）',
  `status` char(1) NOT NULL COMMENT '角色状态（0正常 1停用）',
  `del_flag` char(1) DEFAULT '0' COMMENT '删除标志（0代表存在 2代表删除）',
  `create_by` varchar(64) DEFAULT '' COMMENT '创建者',
  `create_time` datetime DEFAULT NULL COMMENT '创建时间',
  `update_by` varchar(64) DEFAULT '' COMMENT '更新者',
  `update_time` datetime DEFAULT NULL COMMENT '更新时间',
  `remark` varchar(500) DEFAULT NULL COMMENT '备注',
  `company_id` bigint DEFAULT '0' COMMENT '机构ID',
  PRIMARY KEY (`role_id`)
) ENGINE=InnoDB AUTO_INCREMENT=101 DEFAULT CHARSET=utf8 COMMENT='角色信息表';

-- ----------------------------
--  Records of `sys_role`
-- ----------------------------
BEGIN;
INSERT INTO `sys_role` VALUES ('1', '管理员', 'admin', '1', '1', '0', '0', 'admin', '2018-03-16 11:33:00', 'ry', '2018-03-16 11:33:00', '管理员', '1'), ('2', '普通角色', 'common', '2', '2', '0', '0', 'admin', '2018-03-16 11:33:00', '管理员', '2020-11-24 16:16:35', '普通角色3', '1'), ('100', '我的角色1', 'myrole01', '0', '1', '0', '0', '管理员', '2020-11-24 16:25:13', '管理员', '2020-11-24 16:26:30', '我的角色222', '1');
COMMIT;

-- ----------------------------
--  Table structure for `sys_role_dept`
-- ----------------------------
DROP TABLE IF EXISTS `sys_role_dept`;
CREATE TABLE `sys_role_dept` (
  `role_id` bigint NOT NULL COMMENT '角色ID',
  `dept_id` bigint NOT NULL COMMENT '部门ID',
  `company_id` bigint DEFAULT '0' COMMENT '机构ID',
  PRIMARY KEY (`role_id`,`dept_id`)
) ENGINE=InnoDB DEFAULT CHARSET=utf8 COMMENT='角色和部门关联表';

-- ----------------------------
--  Records of `sys_role_dept`
-- ----------------------------
BEGIN;
INSERT INTO `sys_role_dept` VALUES ('2', '100', '0'), ('2', '101', '0'), ('2', '105', '0');
COMMIT;

-- ----------------------------
--  Table structure for `sys_role_menu`
-- ----------------------------
DROP TABLE IF EXISTS `sys_role_menu`;
CREATE TABLE `sys_role_menu` (
  `role_id` bigint NOT NULL COMMENT '角色ID',
  `menu_id` bigint NOT NULL COMMENT '菜单ID',
  `company_id` bigint NOT NULL DEFAULT '0' COMMENT '机构ID',
  `create_time` datetime DEFAULT NULL,
  `create_user` varchar(80) DEFAULT NULL,
  PRIMARY KEY (`role_id`,`menu_id`,`company_id`)
) ENGINE=InnoDB DEFAULT CHARSET=utf8 COMMENT='角色和菜单关联表';

-- ----------------------------
--  Records of `sys_role_menu`
-- ----------------------------
BEGIN;
INSERT INTO `sys_role_menu` VALUES ('1', '1', '1', '2020-11-24 16:53:45', '管理员'), ('1', '2', '1', '2020-11-24 16:53:45', '管理员'), ('1', '3', '1', '2020-11-24 16:53:45', '管理员'), ('1', '100', '1', '2020-11-24 16:53:45', '管理员'), ('1', '101', '1', '2020-11-24 16:53:45', '管理员'), ('1', '102', '1', '2020-11-24 16:53:45', '管理员'), ('1', '103', '1', '2020-11-24 16:53:45', '管理员'), ('1', '104', '1', '2020-11-24 16:53:45', '管理员'), ('1', '105', '1', '2020-11-24 16:53:45', '管理员'), ('1', '106', '1', '2020-11-24 16:53:45', '管理员'), ('1', '107', '1', '2020-11-24 16:53:45', '管理员'), ('1', '108', '1', '2020-11-24 16:53:45', '管理员'), ('1', '109', '1', '2020-11-24 16:53:45', '管理员'), ('1', '110', '1', '2020-11-24 16:53:45', '管理员'), ('1', '111', '1', '2020-11-24 16:53:45', '管理员'), ('1', '112', '1', '2020-11-24 16:53:45', '管理员'), ('1', '113', '1', '2020-11-24 16:53:45', '管理员'), ('1', '114', '1', '2020-11-24 16:53:45', '管理员'), ('1', '115', '1', '2020-11-24 16:53:45', '管理员'), ('1', '500', '1', '2020-11-24 16:53:45', '管理员'), ('1', '501', '1', '2020-11-24 16:53:45', '管理员'), ('1', '1000', '1', '2020-11-24 16:53:45', '管理员'), ('1', '1001', '1', '2020-11-24 16:53:45', '管理员'), ('1', '1002', '1', '2020-11-24 16:53:45', '管理员'), ('1', '1003', '1', '2020-11-24 16:53:45', '管理员'), ('1', '1004', '1', '2020-11-24 16:53:45', '管理员'), ('1', '1005', '1', '2020-11-24 16:53:45', '管理员'), ('1', '1006', '1', '2020-11-24 16:53:45', '管理员'), ('1', '1007', '1', '2020-11-24 16:53:45', '管理员'), ('1', '1008', '1', '2020-11-24 16:53:45', '管理员'), ('1', '1009', '1', '2020-11-24 16:53:45', '管理员'), ('1', '1010', '1', '2020-11-24 16:53:45', '管理员'), ('1', '1011', '1', '2020-11-24 16:53:45', '管理员'), ('1', '1012', '1', '2020-11-24 16:53:45', '管理员'), ('1', '1013', '1', '2020-11-24 16:53:45', '管理员'), ('1', '1014', '1', '2020-11-24 16:53:45', '管理员'), ('1', '1015', '1', '2020-11-24 16:53:45', '管理员'), ('1', '1016', '1', '2020-11-24 16:53:45', '管理员'), ('1', '1017', '1', '2020-11-24 16:53:45', '管理员'), ('1', '1018', '1', '2020-11-24 16:53:45', '管理员'), ('1', '1019', '1', '2020-11-24 16:53:45', '管理员'), ('1', '1020', '1', '2020-11-24 16:53:45', '管理员'), ('1', '1021', '1', '2020-11-24 16:53:45', '管理员'), ('1', '1022', '1', '2020-11-24 16:53:45', '管理员'), ('1', '1023', '1', '2020-11-24 16:53:45', '管理员'), ('1', '1024', '1', '2020-11-24 16:53:45', '管理员'), ('1', '1025', '1', '2020-11-24 16:53:45', '管理员'), ('1', '1026', '1', '2020-11-24 16:53:45', '管理员'), ('1', '1027', '1', '2020-11-24 16:53:45', '管理员'), ('1', '1028', '1', '2020-11-24 16:53:45', '管理员'), ('1', '1029', '1', '2020-11-24 16:53:45', '管理员'), ('1', '1030', '1', '2020-11-24 16:53:45', '管理员'), ('1', '1031', '1', '2020-11-24 16:53:45', '管理员'), ('1', '1032', '1', '2020-11-24 16:53:45', '管理员'), ('1', '1033', '1', '2020-11-24 16:53:45', '管理员'), ('1', '1034', '1', '2020-11-24 16:53:45', '管理员'), ('1', '1035', '1', '2020-11-24 16:53:45', '管理员'), ('1', '1036', '1', '2020-11-24 16:53:45', '管理员'), ('1', '1037', '1', '2020-11-24 16:53:45', '管理员'), ('1', '1038', '1', '2020-11-24 16:53:45', '管理员'), ('1', '1039', '1', '2020-11-24 16:53:45', '管理员'), ('1', '1040', '1', '2020-11-24 16:53:45', '管理员'), ('1', '1041', '1', '2020-11-24 16:53:45', '管理员'), ('1', '1042', '1', '2020-11-24 16:53:45', '管理员'), ('1', '1043', '1', '2020-11-24 16:53:45', '管理员'), ('1', '1044', '1', '2020-11-24 16:53:45', '管理员'), ('1', '1045', '1', '2020-11-24 16:53:45', '管理员'), ('1', '1046', '1', '2020-11-24 16:53:45', '管理员'), ('1', '1047', '1', '2020-11-24 16:53:45', '管理员'), ('1', '1048', '1', '2020-11-24 16:53:45', '管理员'), ('1', '1049', '1', '2020-11-24 16:53:45', '管理员'), ('1', '1050', '1', '2020-11-24 16:53:45', '管理员'), ('1', '1051', '1', '2020-11-24 16:53:45', '管理员'), ('1', '1052', '1', '2020-11-24 16:53:45', '管理员'), ('1', '1053', '1', '2020-11-24 16:53:45', '管理员'), ('1', '1054', '1', '2020-11-24 16:53:45', '管理员'), ('1', '1055', '1', '2020-11-24 16:53:45', '管理员'), ('1', '1056', '1', '2020-11-24 16:53:45', '管理员'), ('1', '1057', '1', '2020-11-24 16:53:45', '管理员'), ('2', '1', '1', null, null), ('2', '2', '1', null, null), ('2', '100', '1', null, null), ('2', '101', '1', null, null), ('2', '102', '1', null, null), ('2', '103', '1', null, null), ('2', '104', '1', null, null), ('2', '105', '1', null, null), ('2', '106', '1', null, null), ('2', '107', '1', null, null), ('2', '108', '1', null, null), ('2', '109', '1', null, null), ('2', '110', '1', null, null), ('2', '111', '1', null, null), ('2', '112', '1', null, null), ('2', '500', '1', null, null), ('2', '501', '1', null, null), ('100', '3', '1', '2020-11-24 16:27:02', '管理员'), ('100', '113', '1', '2020-11-24 16:27:02', '管理员'), ('100', '114', '1', '2020-11-24 16:27:02', '管理员'), ('100', '115', '1', '2020-11-24 16:27:02', '管理员'), ('100', '1056', '1', '2020-11-24 16:27:02', '管理员'), ('100', '1057', '1', '2020-11-24 16:27:02', '管理员');
COMMIT;

-- ----------------------------
--  Table structure for `sys_user`
-- ----------------------------
DROP TABLE IF EXISTS `sys_user`;
CREATE TABLE `sys_user` (
  `user_id` bigint NOT NULL AUTO_INCREMENT COMMENT '用户ID',
  `dept_id` bigint DEFAULT NULL COMMENT '部门ID',
  `company_id` bigint DEFAULT '0' COMMENT '机构ID',
  `login_name` varchar(30) NOT NULL COMMENT '登录账号',
  `user_name` varchar(30) NOT NULL COMMENT '用户昵称',
  `user_type` varchar(2) DEFAULT '00' COMMENT '用户类型（00系统用户）',
  `email` varchar(50) DEFAULT '' COMMENT '用户邮箱',
  `phone` varchar(11) DEFAULT '' COMMENT '手机号码',
  `sex` char(1) DEFAULT '0' COMMENT '用户性别（0男 1女 2未知）',
  `avatar` varchar(100) DEFAULT '' COMMENT '头像路径',
  `password` varchar(50) DEFAULT '' COMMENT '密码',
  `salt` varchar(20) DEFAULT '' COMMENT '盐加密',
  `status` char(1) DEFAULT '0' COMMENT '帐号状态（0正常 1停用）',
  `del_flag` char(1) DEFAULT '0' COMMENT '删除标志（0代表存在 2代表删除）',
  `login_ip` varchar(50) DEFAULT '' COMMENT '最后登陆IP',
  `login_date` datetime DEFAULT NULL COMMENT '最后登陆时间',
  `create_by` varchar(64) DEFAULT '' COMMENT '创建者',
  `create_time` datetime DEFAULT NULL COMMENT '创建时间',
  `update_by` varchar(64) DEFAULT '' COMMENT '更新者',
  `update_time` datetime DEFAULT NULL COMMENT '更新时间',
  `remark` varchar(500) DEFAULT '' COMMENT '备注',
  `job` varchar(80) DEFAULT NULL COMMENT '工作',
  `position` varchar(80) DEFAULT NULL COMMENT '岗位',
  `is_del` char(1) DEFAULT '0' COMMENT '是否删除。0正常;1删除',
  PRIMARY KEY (`user_id`)
) ENGINE=InnoDB AUTO_INCREMENT=100 DEFAULT CHARSET=utf8 COMMENT='用户信息表';

-- ----------------------------
--  Records of `sys_user`
-- ----------------------------
BEGIN;
INSERT INTO `sys_user` VALUES ('1', '103', '1', 'admin', '管理员', '00', 'xingrui@163.com', '15888888888', '1', '', '46d839be2c92528040337c3670a358af', '111111', '0', '0', '127.0.0.1', '2018-03-16 11:33:00', 'admin', '2018-03-16 11:33:00', 'ry', '2018-03-16 11:33:00', '管理员', null, null, '0'), ('2', '105', '1', 'xinrui', '芯瑞', '00', 'xingrui@qq.com', '15666666666', '1', '', '8e6d98b90472783cc73c17047ddccf36', '222222', '0', '0', '127.0.0.1', '2018-03-16 11:33:00', 'admin', '2018-03-16 11:33:00', 'admin', '2018-03-16 11:33:00', '测试员', null, null, '0');
COMMIT;

-- ----------------------------
--  Table structure for `sys_user_post`
-- ----------------------------
DROP TABLE IF EXISTS `sys_user_post`;
CREATE TABLE `sys_user_post` (
  `user_id` bigint NOT NULL COMMENT '用户ID',
  `post_id` bigint NOT NULL COMMENT '岗位ID',
  `company_id` bigint DEFAULT '0' COMMENT '机构ID',
  PRIMARY KEY (`user_id`,`post_id`)
) ENGINE=InnoDB DEFAULT CHARSET=utf8 COMMENT='用户与岗位关联表';

-- ----------------------------
--  Records of `sys_user_post`
-- ----------------------------
BEGIN;
INSERT INTO `sys_user_post` VALUES ('1', '1', '0'), ('2', '2', '0');
COMMIT;

-- ----------------------------
--  Table structure for `sys_user_role`
-- ----------------------------
DROP TABLE IF EXISTS `sys_user_role`;
CREATE TABLE `sys_user_role` (
  `user_id` bigint NOT NULL COMMENT '用户ID',
  `role_id` bigint NOT NULL COMMENT '角色ID',
  `company_id` bigint NOT NULL DEFAULT '0' COMMENT '机构ID',
  `create_time` datetime DEFAULT NULL,
  `create_user` varchar(40) DEFAULT NULL,
  PRIMARY KEY (`user_id`,`role_id`,`company_id`)
) ENGINE=InnoDB DEFAULT CHARSET=utf8 COMMENT='用户和角色关联表';

-- ----------------------------
--  Records of `sys_user_role`
-- ----------------------------
BEGIN;
INSERT INTO `sys_user_role` VALUES ('1', '1', '1', null, null), ('2', '1', '1', '2020-11-18 10:43:46', null), ('2', '2', '1', null, null);
COMMIT;

SET FOREIGN_KEY_CHECKS = 1;
